rmax_increase,simulation_run,mean,std,cv,taylor
0.94,9,1.5011130388310296,0.3146099610431814,0.20958445693615413,0.06593735783193978
