rmax_increase,simulation_run,mean,std,cv,taylor
0.64,9,1.9694114328413597,0.038206018250484426,0.019399713850225223,0.0007411858214158803
