rmax_increase,simulation_run,mean,std,cv,taylor
0.59,19,1.7014206354810935,0.044280404988639034,0.02602554833603409,0.0011524218203709904
