rmax_increase,simulation_run,mean,std,cv,taylor
0.8,13,1.8244378412497664,0.05152763864284617,0.02824302230409176,0.0014552962474670848
