rmax_increase,simulation_run,mean,std,cv,taylor
0.96,3,1.4616788052061471,0.3374892043388075,0.23089149485971366,0.07792338688880264
