rmax_increase,simulation_run,mean,std,cv,taylor
0.66,13,1.9870183806564246,0.03748628188757238,0.018865593923287485,0.0007072009717848273
