rmax_increase,simulation_run,mean,std,cv,taylor
0.81,3,1.805483779716735,0.05757299165327667,0.03188784762292873,0.0018358787850358343
