rmax_increase,simulation_run,mean,std,cv,taylor
1.06,16,1.2672993973529814,0.4621820301047269,0.36469837440946495,0.1685570350604603
