rmax_increase,simulation_run,mean,std,cv,taylor
0.87,17,1.6832132156336699,0.09630593500838616,0.057215529270978546,0.0055101950434412765
