rmax_increase,simulation_run,mean,std,cv,taylor
0.6,13,1.779732716644077,0.04402107590463252,0.024734655655282958,0.001088846154076159
