rmax_increase,simulation_run,mean,std,cv,taylor
0.61,13,1.8453125588929982,0.047894357285024794,0.025954604304951237,0.0012430790917727771
