rmax_increase,simulation_run,mean,std,cv,taylor
0.86,15,1.703977368654137,0.08578644462383325,0.05034482628815105,0.004318903652464974
