rmax_increase,simulation_run,mean,std,cv,taylor
0.92,9,1.548812234281676,0.2798745804653668,0.1807027180381035,0.05057409739986568
