rmax_increase,simulation_run,mean,std,cv,taylor
0.83,15,1.7621011319343498,0.07967528671071797,0.045216069195332886,0.0036026032770698105
