rmax_increase,simulation_run,mean,std,cv,taylor
1.1,13,1.2069903676817497,0.4852140205674915,0.4020032251785369,0.19505760116997656
