rmax_increase,simulation_run,mean,std,cv,taylor
0.98,17,1.408305013852963,0.3910692167947787,0.27768786800301,0.10859517705334899
