rmax_increase,simulation_run,mean,std,cv,taylor
0.78,15,1.8626286256091211,0.04087054696675402,0.02194240247617178,0.0008967979909657983
