rmax_increase,simulation_run,mean,std,cv,taylor
0.88,15,1.6594407010931886,0.12277258882000357,0.07398431817366222,0.00908324627426335
