rmax_increase,simulation_run,mean,std,cv,taylor
0.8,3,1.823817850043182,0.0546529394735485,0.02996622687526306,0.0016377423836643743
