rmax_increase,simulation_run,mean,std,cv,taylor
1.07,10,1.2507866244468373,0.46993417792159686,0.37571090762936976,0.17655939651298488
