rmax_increase,simulation_run,mean,std,cv,taylor
0.63,4,1.9303523592944694,0.038574141535029104,0.019982953552131637,0.0007708252786078383
