rmax_increase,simulation_run,mean,std,cv,taylor
1.02,10,1.3334876150464272,0.42907521522966136,0.3217691790971171,0.13806317977536697
