rmax_increase,simulation_run,mean,std,cv,taylor
0.77,7,1.8810477023125525,0.03975790330115173,0.021136042032466017,0.0008403247152958624
