rmax_increase,simulation_run,mean,std,cv,taylor
0.9,11,1.6071788960336013,0.20531972370810425,0.1277516300237753,0.026229929379741498
