rmax_increase,simulation_run,mean,std,cv,taylor
0.8,10,1.8223213096541206,0.05509583799743604,0.030233876817197133,0.0016657607791547304
