rmax_increase,simulation_run,mean,std,cv,taylor
0.96,16,1.4568906702153654,0.3478896271393975,0.23878911043336598,0.0830722545936121
