rmax_increase,simulation_run,mean,std,cv,taylor
1.07,3,1.251777803432847,0.4646579964725571,0.3711984628568182,0.17248033404474206
