rmax_increase,simulation_run,mean,std,cv,taylor
0.89,19,1.626599736480836,0.19249008098869402,0.11833893530878602,0.022779071241704044
