rmax_increase,simulation_run,mean,std,cv,taylor
0.93,10,1.520816279798005,0.3067951797077812,0.2017305994045052,0.061889975496863585
