rmax_increase,simulation_run,mean,std,cv,taylor
0.67,9,1.9982374852842615,0.0357274802138695,0.017879496544819868,0.000638789359039
