rmax_increase,simulation_run,mean,std,cv,taylor
0.86,18,1.7053598343382366,0.08405675571079015,0.04928974754668612,0.004143136268578313
