rmax_increase,simulation_run,mean,std,cv,taylor
0.83,7,1.763832543073108,0.06752562727883062,0.03828346831677194,0.0025851152124992632
