rmax_increase,simulation_run,mean,std,cv,taylor
0.67,16,1.9952138825203707,0.03723281203184749,0.018661063035916074,0.0006948038523307203
