rmax_increase,simulation_run,mean,std,cv,taylor
0.86,12,1.7029199668461756,0.09455614954432975,0.05552589163626325,0.005250314513140756
