rmax_increase,simulation_run,mean,std,cv,taylor
0.61,17,1.8421046543280726,0.04330159818358236,0.02350658964019451,0.0010178728992660626
