rmax_increase,simulation_run,mean,std,cv,taylor
0.99,4,1.3958595195659727,0.39243942720949443,0.2811453600513605,0.11033252406116298
