rmax_increase,simulation_run,mean,std,cv,taylor
0.68,13,1.9998585219146474,0.03812652795119948,0.019064612588043213,0.0007268674847168191
