rmax_increase,simulation_run,mean,std,cv,taylor
0.67,14,1.9970017204632697,0.04052476715446507,0.0202928053287125,0.0008223612108569621
