rmax_increase,simulation_run,mean,std,cv,taylor
1.06,17,1.271070850064607,0.45610583366984514,0.3588358852275322,0.16366714058236043
