rmax_increase,simulation_run,mean,std,cv,taylor
0.62,3,1.8903606854047912,0.04180004380752514,0.022112205427386105,0.0009242911555457343
