rmax_increase,simulation_run,mean,std,cv,taylor
0.92,13,1.550585286169677,0.2738478614580603,0.17660935125634472,0.04836409315504539
