rmax_increase,simulation_run,mean,std,cv,taylor
0.94,2,1.5005189972917157,0.31930136099283635,0.21279394767353352,0.06794539710319766
