rmax_increase,simulation_run,mean,std,cv,taylor
0.85,7,1.7215248115408468,0.08768843390666674,0.05093649148639421,0.004466541167142172
