rmax_increase,simulation_run,mean,std,cv,taylor
0.73,16,1.9508826029253696,0.033839875471825855,0.01734593123188581,0.0005869841528298706
