rmax_increase,simulation_run,mean,std,cv,taylor
0.97,5,1.4414831900082623,0.3560825243674783,0.24702509667520806,0.08796132000622844
