rmax_increase,simulation_run,mean,std,cv,taylor
0.67,3,1.9985676354551816,0.03635582122407979,0.018190938639812214,0.000661346513087218
