rmax_increase,simulation_run,mean,std,cv,taylor
1.03,16,1.3172640516866319,0.4308231180995726,0.32705904146396797,0.14090459604616407
