rmax_increase,simulation_run,mean,std,cv,taylor
0.96,19,1.4571253699886084,0.34952798270890895,0.23987502373364175,0.08384303314787146
