rmax_increase,simulation_run,mean,std,cv,taylor
0.84,18,1.7444862219880868,0.07435551099627387,0.0426231574999402,0.0031692666561827167
