rmax_increase,simulation_run,mean,std,cv,taylor
0.66,2,1.988874085251195,0.037236118284303246,0.018722209998326928,0.0006971424260412664
