rmax_increase,simulation_run,mean,std,cv,taylor
0.58,3,1.5793647101001478,0.04854935986090048,0.030739802877969815,0.0014923977519757008
