rmax_increase,simulation_run,mean,std,cv,taylor
0.59,10,1.668705432825982,0.04946706176696299,0.02964397478061161,0.0014664003314908078
