rmax_increase,simulation_run,mean,std,cv,taylor
0.72,7,1.9663402158645515,0.03620624425913333,0.018413011119347084,0.0006666659781332185
