rmax_increase,simulation_run,mean,std,cv,taylor
0.94,13,1.5032921560068893,0.31479658080811457,0.2094047917101431,0.06591991243518845
