rmax_increase,simulation_run,mean,std,cv,taylor
0.73,5,1.9499645805445192,0.036036050968546444,0.018480361811743028,0.0006659592601651511
