rmax_increase,simulation_run,mean,std,cv,taylor
1.02,17,1.3343329509997546,0.42566690338805585,0.3190110107594384,0.1357924290966639
