rmax_increase,simulation_run,mean,std,cv,taylor
0.67,17,2.0013338088899824,0.03800125292790382,0.018987963306821263,0.0007215663962082718
