rmax_increase,simulation_run,mean,std,cv,taylor
0.97,8,1.4317550964974872,0.3691870130940374,0.25785625907474136,0.09519718209540605
