rmax_increase,simulation_run,mean,std,cv,taylor
1.03,2,1.32125709131425,0.4322136522173829,0.32712305202272285,0.141387049039238
