rmax_increase,simulation_run,mean,std,cv,taylor
0.72,12,1.9639583703874817,0.035878359472906934,0.018268391027976966,0.0006554399002933855
