rmax_increase,simulation_run,mean,std,cv,taylor
0.99,1,1.3946276843762042,0.3879907395991667,0.27820381306478154,0.1079405031903129
