rmax_increase,simulation_run,mean,std,cv,taylor
1.01,11,1.3498993928414715,0.4233887596301546,0.31364467742958396,0.1327936309415115
