rmax_increase,simulation_run,mean,std,cv,taylor
1.0,11,1.371975404231968,0.4060299268877053,0.29594548534563625,0.12016272377763515
