rmax_increase,simulation_run,mean,std,cv,taylor
0.82,13,1.785232281173971,0.05643506212627875,0.03161216762737843,0.0017840346439974397
