rmax_increase,simulation_run,mean,std,cv,taylor
0.63,18,1.9324095394508656,0.043888253851228944,0.022711673149626816,0.000996775676576962
