rmax_increase,simulation_run,mean,std,cv,taylor
0.86,9,1.7041662943050215,0.08235163240601989,0.04832370683613586,0.0039795361418657315
