rmax_increase,simulation_run,mean,std,cv,taylor
1.01,8,1.353155206243009,0.4104358771630227,0.30331766472124394,0.12449245177890338
