rmax_increase,simulation_run,mean,std,cv,taylor
0.71,13,1.9788010577144592,0.03618995234236824,0.018288828076617317,0.0006618718164905468
