rmax_increase,simulation_run,mean,std,cv,taylor
1.0,14,1.3684581815747545,0.41536985016030853,0.3035312702667474,0.12607773824966698
