rmax_increase,simulation_run,mean,std,cv,taylor
0.64,4,1.961502791008731,0.03830724316936879,0.019529537936404738,0.000748122758715269
