rmax_increase,simulation_run,mean,std,cv,taylor
0.58,1,1.58869093735757,0.04730360287247529,0.02977520785204087,0.001408474607678349
