rmax_increase,simulation_run,mean,std,cv,taylor
0.95,14,1.4762615108582438,0.34085024292578225,0.23088744129596966,0.07869804045424356
