rmax_increase,simulation_run,mean,std,cv,taylor
1.1,3,1.2050735803273003,0.4886966193705306,0.40553259763424543,0.19818240950840538
