rmax_increase,simulation_run,mean,std,cv,taylor
0.87,11,1.6797607474816951,0.11330719774800639,0.0674543668899735,0.007643065288168802
