rmax_increase,simulation_run,mean,std,cv,taylor
0.69,4,1.9948411539954147,0.036301540145413494,0.018197709663602086,0.0006606048879078301
