rmax_increase,simulation_run,mean,std,cv,taylor
0.6,3,1.7844081298204588,0.04235483549661881,0.023736069562113243,0.0010053373216396071
