rmax_increase,simulation_run,mean,std,cv,taylor
0.84,7,1.7439182688144028,0.074008318785424,0.042437951427470456,0.003140761437844573
