rmax_increase,simulation_run,mean,std,cv,taylor
0.98,19,1.4098130660280004,0.3797267445633265,0.26934545700669843,0.10227767355207504
