rmax_increase,simulation_run,mean,std,cv,taylor
0.83,4,1.76560328783435,0.05149708653364005,0.029166850157378924,0.0015020078064682553
