rmax_increase,simulation_run,mean,std,cv,taylor
0.82,12,1.7846477545471895,0.06277072278082718,0.03517261186185938,0.002207810268658409
