rmax_increase,simulation_run,mean,std,cv,taylor
0.6,12,1.7686205204064198,0.05040447555661807,0.02849931626092147,0.0014364930898539438
