rmax_increase,simulation_run,mean,std,cv,taylor
0.8,20,1.826772109038405,0.04572769654279451,0.025031965572796664,0.0011446541255825252
