rmax_increase,simulation_run,mean,std,cv,taylor
0.82,11,1.784909244636228,0.05583456310514112,0.0312814577396177,0.0017465865261834896
