rmax_increase,simulation_run,mean,std,cv,taylor
0.7,16,1.9842831456401846,0.03711453000878923,0.01870425099882359,0.0006941994849877641
