rmax_increase,simulation_run,mean,std,cv,taylor
0.91,12,1.5768330000064672,0.245077916789979,0.15542414243548547,0.03809102504695775
