rmax_increase,simulation_run,mean,std,cv,taylor
0.62,7,1.9021278382494815,0.04776163341629679,0.025109581204726797,0.0011992746127368972
