rmax_increase,simulation_run,mean,std,cv,taylor
1.01,18,1.3529416225763937,0.41591117204191247,0.30741250405904197,0.1278562948635353
