rmax_increase,simulation_run,mean,std,cv,taylor
0.61,15,1.8481841551870455,0.04454919749510607,0.02410430658117912,0.0010738275143675337
