rmax_increase,simulation_run,mean,std,cv,taylor
0.67,15,2.000126925314366,0.03503339467101927,0.01751558574989583,0.0006136304284701816
