rmax_increase,simulation_run,mean,std,cv,taylor
0.95,13,1.476269462485908,0.3368495160777976,0.22817617287197192,0.07686103341240763
