rmax_increase,simulation_run,mean,std,cv,taylor
0.91,8,1.5734305156290442,0.25173029712877204,0.1599881879932476,0.04027387410063406
