rmax_increase,simulation_run,mean,std,cv,taylor
0.69,9,1.9963665873031218,0.03874830635928371,0.019409414385976344,0.0007520819348820998
