rmax_increase,simulation_run,mean,std,cv,taylor
0.74,15,1.9350272252683904,0.0374690102372681,0.01936355713655197,0.0007255333205793915
