rmax_increase,simulation_run,mean,std,cv,taylor
0.96,1,1.4554113682649863,0.3483555073373835,0.23935192134211675,0.0833795599913106
