rmax_increase,simulation_run,mean,std,cv,taylor
0.81,13,1.8046485117377726,0.050222093522489894,0.0278292937355036,0.001397645392649304
