rmax_increase,simulation_run,mean,std,cv,taylor
0.77,15,1.8838149725607187,0.04650039935354461,0.024684164862717597,0.0011478235238251019
