rmax_increase,simulation_run,mean,std,cv,taylor
1.04,20,1.2991678331061545,0.44561593848300646,0.3430010558509536,0.15284673740368482
