rmax_increase,simulation_run,mean,std,cv,taylor
1.09,16,1.2214319465161947,0.47945055580724427,0.3925315341347897,0.18819946221279518
