rmax_increase,simulation_run,mean,std,cv,taylor
0.65,6,1.984415272216062,0.040472661647465595,0.020395258096491287,0.000825450380152025
