rmax_increase,simulation_run,mean,std,cv,taylor
0.95,15,1.4832404835309103,0.3314424089083461,0.22345830806838204,0.07406355991676786
