rmax_increase,simulation_run,mean,std,cv,taylor
0.84,4,1.744665477629921,0.06853835305842743,0.03928452413211893,0.0026924965846994793
