rmax_increase,simulation_run,mean,std,cv,taylor
1.0,1,1.3726472825334637,0.4045414372024295,0.2947162336239625,0.11922492871712477
