rmax_increase,simulation_run,mean,std,cv,taylor
1.06,1,1.273385383449703,0.45301797138948946,0.35575873359110455,0.161165099795536
