rmax_increase,simulation_run,mean,std,cv,taylor
0.77,13,1.8825662429187786,0.04953821454483999,0.026314194643177434,0.0013035582198084028
