rmax_increase,simulation_run,mean,std,cv,taylor
0.72,1,1.96129425043211,0.03891625211348978,0.019842128280810386,0.0007721812666442225
