rmax_increase,simulation_run,mean,std,cv,taylor
0.93,17,1.5226689842511834,0.302607761557645,0.19873509258249006,0.06013878150933866
