rmax_increase,simulation_run,mean,std,cv,taylor
0.87,19,1.6795379445188003,0.118852844958204,0.07076520381458616,0.008410645797410715
