rmax_increase,simulation_run,mean,std,cv,taylor
1.08,16,1.2342928749425035,0.4785196249505605,0.3876872618039306,0.18551596311652663
