rmax_increase,simulation_run,mean,std,cv,taylor
1.0,7,1.3685688458492555,0.41043256467421646,0.29989909964633565,0.12308835661133395
