rmax_increase,simulation_run,mean,std,cv,taylor
1.01,17,1.3510118425210562,0.4191839633673236,0.31027408507767423,0.13006192071302963
