rmax_increase,simulation_run,mean,std,cv,taylor
0.75,19,1.9179580154174718,0.03917512617326777,0.0204254346854098,0.0008001689809447689
