rmax_increase,simulation_run,mean,std,cv,taylor
0.71,6,1.976602736755212,0.03555109853890999,0.017985960394485044,0.0006394206503012702
