rmax_increase,simulation_run,mean,std,cv,taylor
0.76,11,1.9013766507327439,0.04204981884581467,0.022115459779949283,0.0009299510774387677
