rmax_increase,simulation_run,mean,std,cv,taylor
1.09,10,1.2204805636562497,0.4806599981168769,0.3938284741519698,0.1892975936442583
