rmax_increase,simulation_run,mean,std,cv,taylor
1.03,18,1.3151246670851113,0.4417056553537367,0.33586599537574535,0.14835390959847872
