rmax_increase,simulation_run,mean,std,cv,taylor
1.05,9,1.282756043659347,0.45013291960050894,0.3509107767026415,0.15795649243644225
