rmax_increase,simulation_run,mean,std,cv,taylor
0.69,2,1.9955492481053323,0.03620446580193813,0.01814260702225833,0.0006568433954953543
