rmax_increase,simulation_run,mean,std,cv,taylor
1.1,7,1.2075396356778598,0.4846840156091262,0.40138145472719483,0.19454317526820947
