rmax_increase,simulation_run,mean,std,cv,taylor
0.7,10,1.9886458824038853,0.03810983740526031,0.019163712223713228,0.0007303259569269106
