rmax_increase,simulation_run,mean,std,cv,taylor
0.87,6,1.6779560328433791,0.12965807201719406,0.07727143588946253,0.010018865399427928
