rmax_increase,simulation_run,mean,std,cv,taylor
0.81,6,1.8051759816782156,0.05230690262431762,0.02897606834746911,0.0015156483854866388
