rmax_increase,simulation_run,mean,std,cv,taylor
0.79,20,1.844343494451963,0.04565123443086238,0.024752023995631794,0.0011299604500629179
