rmax_increase,simulation_run,mean,std,cv,taylor
0.59,11,1.6880475557702066,0.04916009178048856,0.029122456658549675,0.0014316626422076022
