rmax_increase,simulation_run,mean,std,cv,taylor
0.74,17,1.9335736312119316,0.04034059759137858,0.020863233207257675,0.0008416352952690685
