rmax_increase,simulation_run,mean,std,cv,taylor
0.97,11,1.4311838604977127,0.3706498590439976,0.25898130161634114,0.09599138293912786
