rmax_increase,simulation_run,mean,std,cv,taylor
0.88,2,1.6531487185286275,0.16016283341910997,0.09688349972630514,0.015517135827724595
