rmax_increase,simulation_run,mean,std,cv,taylor
1.1,15,1.2086038223159346,0.4824227691144316,0.39915707712226983,0.19256246245694814
