rmax_increase,simulation_run,mean,std,cv,taylor
1.01,13,1.3535801707336987,0.4131501345453746,0.30522767951116586,0.12610485685701064
