rmax_increase,simulation_run,mean,std,cv,taylor
0.6,6,1.760350805386955,0.047533981895945925,0.02700256207483437,0.0012835392968093327
