rmax_increase,simulation_run,mean,std,cv,taylor
1.06,20,1.2664580498635611,0.46010044841746656,0.36329703022301796,0.16715312651434447
