rmax_increase,simulation_run,mean,std,cv,taylor
0.65,7,1.9786965836909747,0.03824800615652591,0.01932989952667717,0.0007393301161013759
