rmax_increase,simulation_run,mean,std,cv,taylor
1.01,15,1.3518903578527468,0.422844769116684,0.3127803720623488,0.13225754420893437
