rmax_increase,simulation_run,mean,std,cv,taylor
0.65,18,1.9841825916815026,0.038655546222722645,0.01948184929390186,0.0007530815258845399
