rmax_increase,simulation_run,mean,std,cv,taylor
0.68,5,1.998936010240219,0.034912064920640355,0.01746532392322296,0.0006097505226675731
