rmax_increase,simulation_run,mean,std,cv,taylor
0.89,10,1.6329917771462368,0.1686096755827433,0.10325200527182084,0.017409287112149414
