rmax_increase,simulation_run,mean,std,cv,taylor
0.65,16,1.9822526687441795,0.03901454389203171,0.01968192274739056,0.0007678812389076464
