rmax_increase,simulation_run,mean,std,cv,taylor
0.89,4,1.6385789731907707,0.1425326268668507,0.08698550951700539,0.01239827317081022
