rmax_increase,simulation_run,mean,std,cv,taylor
0.98,16,1.4109123966936814,0.38255588387002093,0.2711407772491749,0.10372649969376256
