rmax_increase,simulation_run,mean,std,cv,taylor
0.85,17,1.7216913958743119,0.08952967709156821,0.052001001634850545,0.00465563288480628
