rmax_increase,simulation_run,mean,std,cv,taylor
0.87,20,1.6787989055362367,0.125678454781117,0.07486212575351495,0.009408556286331422
