rmax_increase,simulation_run,mean,std,cv,taylor
0.69,19,1.9952595469267749,0.038932807337939704,0.019512653077092892,0.0007596823629025139
