rmax_increase,simulation_run,mean,std,cv,taylor
0.69,12,1.9940626806924133,0.03681356962058353,0.018461590990610427,0.0006796370652395747
