rmax_increase,simulation_run,mean,std,cv,taylor
0.87,8,1.679204529633452,0.12359737723733548,0.07360471881547101,0.009097350197883774
