rmax_increase,simulation_run,mean,std,cv,taylor
0.68,9,1.996168704102561,0.03565909868493009,0.017863770036892615,0.0006370059386304511
