rmax_increase,simulation_run,mean,std,cv,taylor
0.72,9,1.9626855324592305,0.034879288874424125,0.01777120598159229,0.0006198470270788514
