rmax_increase,simulation_run,mean,std,cv,taylor
0.97,10,1.432592373829256,0.37016810664529454,0.25839039311360534,0.09564788259419664
