rmax_increase,simulation_run,mean,std,cv,taylor
0.67,7,1.9962008330335643,0.035693153592820805,0.01788054237938526,0.0006382129454703396
