rmax_increase,simulation_run,mean,std,cv,taylor
0.88,6,1.6580653618792724,0.1409072080227033,0.08498290312451691,0.011974703608939546
