rmax_increase,simulation_run,mean,std,cv,taylor
0.73,1,1.9480760257150145,0.03838752164598343,0.019705350889421176,0.0007564395838093541
