rmax_increase,simulation_run,mean,std,cv,taylor
1.03,5,1.3181620153679234,0.43266847270203346,0.3282361861878319,0.14201744936342953
