rmax_increase,simulation_run,mean,std,cv,taylor
1.08,14,1.2354976349775166,0.47365348100106275,0.3833706092117952,0.1815848235666649
