rmax_increase,simulation_run,mean,std,cv,taylor
1.05,6,1.2838998451584536,0.45049085392026467,0.35087694388238433,0.1580668540705081
