rmax_increase,simulation_run,mean,std,cv,taylor
0.76,4,1.9006900372530657,0.039930295510171555,0.021008315257904975,0.0008388682364189916
