rmax_increase,simulation_run,mean,std,cv,taylor
0.66,20,1.996716633449671,0.03777065636909888,0.018916382893973085,0.0007144841980345577
