rmax_increase,simulation_run,mean,std,cv,taylor
0.9,9,1.6033879933539876,0.21845511460796815,0.13624594640440144,0.029763623836644604
