rmax_increase,simulation_run,mean,std,cv,taylor
1.03,1,1.3153351199238128,0.43901458541274,0.33376633738645156,0.14652829023244174
