rmax_increase,simulation_run,mean,std,cv,taylor
0.91,1,1.5765452804982256,0.24390920933604376,0.1547111981832597,0.03773548602431085
