rmax_increase,simulation_run,mean,std,cv,taylor
1.1,18,1.2067154174451211,0.48869841987422036,0.40498232873240414,0.19791422412850798
