rmax_increase,simulation_run,mean,std,cv,taylor
1.07,7,1.2512263100489318,0.4690934279737785,0.3749069406600263,0.17586638196537369
