rmax_increase,simulation_run,mean,std,cv,taylor
0.77,3,1.882595464229499,0.048733130183050435,0.025886140229810724,0.0012615126417560654
