rmax_increase,simulation_run,mean,std,cv,taylor
0.76,15,1.8991134710508153,0.04054427731734886,0.021349054669658547,0.0008655819929898777
