rmax_increase,simulation_run,mean,std,cv,taylor
0.78,8,1.8642941725046231,0.048940305021954254,0.02625138550758029,0.001284750813989889
