rmax_increase,simulation_run,mean,std,cv,taylor
1.08,8,1.235462642218724,0.4761999318352134,0.3854425990412973,0.18354773938985328
