rmax_increase,simulation_run,mean,std,cv,taylor
0.62,19,1.8938037153746574,0.039872077181743654,0.02105396502184791,0.0008394653183328511
