rmax_increase,simulation_run,mean,std,cv,taylor
0.6,15,1.786920071527328,0.045845271067376965,0.025656027820086993,0.0011762075499240528
