rmax_increase,simulation_run,mean,std,cv,taylor
0.72,15,1.9638817346618251,0.04040291635650083,0.02057298850709974,0.0008312087338556038
