rmax_increase,simulation_run,mean,std,cv,taylor
0.93,7,1.5255005374313368,0.29394116241920676,0.19268505989132576,0.05663807048527076
