rmax_increase,simulation_run,mean,std,cv,taylor
1.02,4,1.3341394280146954,0.4261529841247012,0.31942162503873406,0.1361224787042179
