rmax_increase,simulation_run,mean,std,cv,taylor
0.87,1,1.6802168409305152,0.11460753146417842,0.06820996473330669,0.007817375679342948
