rmax_increase,simulation_run,mean,std,cv,taylor
0.95,11,1.4834296639162352,0.3205320667878542,0.21607500145416644,0.06925896679729257
