rmax_increase,simulation_run,mean,std,cv,taylor
1.0,15,1.37157096153083,0.40268537769848955,0.2935942718188249,0.11822612023747651
