rmax_increase,simulation_run,mean,std,cv,taylor
0.9,19,1.599762018390177,0.22168200611397107,0.13857186479339423,0.030718888978353592
