rmax_increase,simulation_run,mean,std,cv,taylor
0.76,19,1.9016146516429238,0.04420045701453516,0.023243645591575362,0.0010273797578315164
