rmax_increase,simulation_run,mean,std,cv,taylor
0.96,12,1.4551084353885166,0.3513877026074387,0.24148557871126458,0.08485506271617906
