rmax_increase,simulation_run,mean,std,cv,taylor
0.9,6,1.6044673818237734,0.2076410015289302,0.1294142865608822,0.02687171207365355
