rmax_increase,simulation_run,mean,std,cv,taylor
1.09,20,1.2216204520669756,0.4821048668897078,0.39464374231291627,0.19025966885662463
