rmax_increase,simulation_run,mean,std,cv,taylor
0.8,16,1.8245536093660015,0.04922807436735246,0.02698088678493711,0.001328217101146001
