rmax_increase,simulation_run,mean,std,cv,taylor
0.93,6,1.5253154548694527,0.2952509230542754,0.19356712220525232,0.05715087150406049
