rmax_increase,simulation_run,mean,std,cv,taylor
0.84,2,1.742485015987484,0.08190841040069752,0.04700666556623397,0.0038502412547674284
