rmax_increase,simulation_run,mean,std,cv,taylor
0.91,5,1.5696215194751375,0.2639836665518309,0.168183006716233,0.0443975667646624
