rmax_increase,simulation_run,mean,std,cv,taylor
0.72,11,1.9637446350962446,0.03701451593219968,0.01884894566771691,0.0006976845997228737
