rmax_increase,simulation_run,mean,std,cv,taylor
0.58,2,1.5586345912634227,0.05674207555801806,0.036404989261802,0.002065694651382005
