rmax_increase,simulation_run,mean,std,cv,taylor
1.03,19,1.315821567643577,0.4390262413879362,0.3336518052171474,0.14648189797678401
