rmax_increase,simulation_run,mean,std,cv,taylor
0.93,16,1.525304037186546,0.28993881954966183,0.19008591892568502,0.055113286946325835
