rmax_increase,simulation_run,mean,std,cv,taylor
0.87,12,1.6783193545042951,0.12231523670140945,0.07287959611091789,0.008914285049010042
