rmax_increase,simulation_run,mean,std,cv,taylor
0.63,11,1.9354972693549215,0.038045816536707154,0.019656869135954595,0.0007478616368325899
