rmax_increase,simulation_run,mean,std,cv,taylor
0.87,10,1.678146612647924,0.12949101043661532,0.07716310926629542,0.00999192898732355
