rmax_increase,simulation_run,mean,std,cv,taylor
0.77,8,1.8824753461963142,0.03905516084280799,0.02074670508791626,0.0008102659041668722
