rmax_increase,simulation_run,mean,std,cv,taylor
0.83,19,1.7642447116572244,0.06622458200877991,0.03753707270380454,0.0024858769496426377
