rmax_increase,simulation_run,mean,std,cv,taylor
0.61,18,1.841159979431956,0.04519907027812899,0.024549235690031694,0.001109602629228095
