rmax_increase,simulation_run,mean,std,cv,taylor
0.77,2,1.8823387531738365,0.042951547070657056,0.0228181813705083,0.0009800761912021772
