rmax_increase,simulation_run,mean,std,cv,taylor
0.7,20,1.988350935517521,0.035773916427786344,0.01799175175204936,0.0006436354235672924
