rmax_increase,simulation_run,mean,std,cv,taylor
0.76,18,1.9002530128401958,0.041905691183279435,0.022052690299722497,0.000924133229460673
