rmax_increase,simulation_run,mean,std,cv,taylor
1.06,12,1.2662587223982296,0.4618685529885468,0.36475054016906694,0.16846680418967774
