rmax_increase,simulation_run,mean,std,cv,taylor
0.89,1,1.6327028329637794,0.17693749342750084,0.10837091101649733,0.019174877355713774
