rmax_increase,simulation_run,mean,std,cv,taylor
0.67,20,1.9961832662458887,0.034987041700959114,0.017526968737072577,0.0006132167860953649
