rmax_increase,simulation_run,mean,std,cv,taylor
0.75,20,1.9182081861811064,0.04170552656446574,0.021741918768210352,0.000906758170750053
