rmax_increase,simulation_run,mean,std,cv,taylor
0.97,6,1.438796433197072,0.36239114305990894,0.2518710324119022,0.0912758313394286
