rmax_increase,simulation_run,mean,std,cv,taylor
0.68,7,1.9990561558573061,0.03597622432243771,0.017996605156401477,0.0006474499041490388
