rmax_increase,simulation_run,mean,std,cv,taylor
0.88,14,1.6533801682819564,0.1569268128227058,0.0949127223328014,0.014894351012012974
