rmax_increase,simulation_run,mean,std,cv,taylor
0.86,7,1.7044206883366362,0.08281949683958972,0.048590994820893796,0.004024281742001534
