rmax_increase,simulation_run,mean,std,cv,taylor
0.79,18,1.8443428555586519,0.04645225233949217,0.025186343308940665,0.001169962374895992
