rmax_increase,simulation_run,mean,std,cv,taylor
0.9,12,1.5992697088140642,0.22710680615840764,0.14200657019060176,0.0322506586094973
