rmax_increase,simulation_run,mean,std,cv,taylor
0.9,2,1.6097459664326157,0.18949134461832456,0.11771506099080926,0.022305985188976536
