rmax_increase,simulation_run,mean,std,cv,taylor
0.7,7,1.9859724023446335,0.03902111955717147,0.019648369489476916,0.0007667013749523588
