rmax_increase,simulation_run,mean,std,cv,taylor
0.77,18,1.8825152940291943,0.04316554332877348,0.022929717206379343,0.0009897737015884904
