rmax_increase,simulation_run,mean,std,cv,taylor
0.92,4,1.5575206047096792,0.2539002756911513,0.16301567691843033,0.04138972531156911
