rmax_increase,simulation_run,mean,std,cv,taylor
0.94,16,1.50658237065663,0.3073452221323404,0.20400160530113387,0.06269891869663101
