rmax_increase,simulation_run,mean,std,cv,taylor
0.71,2,1.9750809863502778,0.03755857903608183,0.019016222269186922,0.0007142222870649564
