rmax_increase,simulation_run,mean,std,cv,taylor
0.97,9,1.4361279613749673,0.36826614676977937,0.256429898083174,0.09443445048365773
