rmax_increase,simulation_run,mean,std,cv,taylor
1.0,5,1.3709727763368886,0.4098675992086887,0.2989611510039001,0.12253448921863477
