rmax_increase,simulation_run,mean,std,cv,taylor
0.84,8,1.7433598645188466,0.07769593651863317,0.04456678055971917,0.0034626577532077952
