rmax_increase,simulation_run,mean,std,cv,taylor
0.85,12,1.7231173489782077,0.07703887424781002,0.04470901200866751,0.003444331953879564
