rmax_increase,simulation_run,mean,std,cv,taylor
1.09,15,1.2198203289751963,0.48473015335277125,0.3973783202645967,0.1926212541209246
