rmax_increase,simulation_run,mean,std,cv,taylor
0.89,18,1.6322928234068728,0.1722458312342025,0.10552385501193111,0.01817604412156754
