rmax_increase,simulation_run,mean,std,cv,taylor
0.98,8,1.411324905244999,0.38695277633248104,0.2741769630043537,0.10609353704094258
