rmax_increase,simulation_run,mean,std,cv,taylor
0.76,5,1.901462355023083,0.043224190538848656,0.022732077984433163,0.0009825756701431058
