rmax_increase,simulation_run,mean,std,cv,taylor
0.86,14,1.7022107982051935,0.09504605295763535,0.055836828821584056,0.005307070189162698
