rmax_increase,simulation_run,mean,std,cv,taylor
1.1,2,1.2077444725298412,0.48490177416352664,0.4014936811491353,0.19468499830466096
