rmax_increase,simulation_run,mean,std,cv,taylor
0.85,20,1.7214948505168566,0.08989869083988485,0.0522212952382018,0.004694626075877455
