rmax_increase,simulation_run,mean,std,cv,taylor
0.84,3,1.7441975627544555,0.07652161342415575,0.043872102024561946,0.00335716403122865
