rmax_increase,simulation_run,mean,std,cv,taylor
0.96,15,1.4539808702768307,0.3550103602967702,0.24416439552549132,0.08668089002714778
