rmax_increase,simulation_run,mean,std,cv,taylor
0.92,12,1.55695730168002,0.25255851274112107,0.16221287023645428,0.040968241254387354
