rmax_increase,simulation_run,mean,std,cv,taylor
0.7,19,1.9850204193363292,0.037123617433742914,0.018701881891046143,0.0006942815086142415
