rmax_increase,simulation_run,mean,std,cv,taylor
0.84,13,1.742743753487387,0.08212390439635767,0.04712333883396245,0.0038699525732375007
