rmax_increase,simulation_run,mean,std,cv,taylor
0.74,12,1.9353741388993544,0.038703916847199524,0.019998157497965952,0.0007740070248984739
