rmax_increase,simulation_run,mean,std,cv,taylor
0.72,10,1.9624851111549566,0.03551762447532001,0.018098289904689913,0.0006428082644802514
