rmax_increase,simulation_run,mean,std,cv,taylor
0.93,14,1.526623914707803,0.28902071875581803,0.18932018290250407,0.05471745533746466
