rmax_increase,simulation_run,mean,std,cv,taylor
0.91,19,1.5806385023782716,0.2275849374301386,0.1439829139222587,0.03276834245600628
