rmax_increase,simulation_run,mean,std,cv,taylor
0.66,5,1.9946209064139764,0.036655061556330346,0.018376956462484165,0.0006736084703503598
