rmax_increase,simulation_run,mean,std,cv,taylor
0.66,19,1.9940646910291835,0.0375396018815038,0.01882566902186545,0.0007067081202337881
