rmax_increase,simulation_run,mean,std,cv,taylor
0.97,4,1.4319553834094787,0.3680222972283767,0.25700681843320944,0.09458423972314604
