rmax_increase,simulation_run,mean,std,cv,taylor
1.07,1,1.2501842950897404,0.47084296716191587,0.3766188465262379,0.17732833518751207
