rmax_increase,simulation_run,mean,std,cv,taylor
0.61,20,1.847637926926233,0.04775664412891357,0.02584740410063051,0.0012343852792900325
