rmax_increase,simulation_run,mean,std,cv,taylor
0.95,4,1.4763639127112274,0.336080311338743,0.22764056236077843,0.07650551107153696
