rmax_increase,simulation_run,mean,std,cv,taylor
0.85,19,1.7236554127616255,0.07441955856808265,0.04317542707033785,0.003213096223562989
