rmax_increase,simulation_run,mean,std,cv,taylor
0.76,6,1.8992311317218211,0.0397781499295194,0.02094434387954508,0.0008331272510159561
