rmax_increase,simulation_run,mean,std,cv,taylor
1.1,6,1.207526941071026,0.48453122263132253,0.40125914060481627,0.1944225819892454
