rmax_increase,simulation_run,mean,std,cv,taylor
1.06,10,1.2645747867599613,0.46275973452457736,0.3659409782399982,0.1693427499420057
