rmax_increase,simulation_run,mean,std,cv,taylor
1.0,19,1.3708991626408462,0.4094678040744809,0.2986855745726026,0.12230212632896818
