rmax_increase,simulation_run,mean,std,cv,taylor
0.96,8,1.4542083996643613,0.35288266423245584,0.24266306281403888,0.08563158811662581
