rmax_increase,simulation_run,mean,std,cv,taylor
0.84,19,1.7445571275986715,0.07322878665166341,0.04197557391110519,0.0030738203465174507
