rmax_increase,simulation_run,mean,std,cv,taylor
1.02,20,1.3341565991059379,0.4262065332827784,0.31945765104965446,0.13615493798453276
