rmax_increase,simulation_run,mean,std,cv,taylor
0.75,16,1.918444304301372,0.04279453791450902,0.022306896175489047,0.0009546133141369821
