rmax_increase,simulation_run,mean,std,cv,taylor
1.06,19,1.2664831140125383,0.45834077104353826,0.3619004201259336,0.16587371760150083
