rmax_increase,simulation_run,mean,std,cv,taylor
0.59,14,1.6878485759340673,0.05047029615003609,0.029902146951841027,0.001509170212181316
