rmax_increase,simulation_run,mean,std,cv,taylor
0.97,16,1.432907686747483,0.3653904519273009,0.25499929640037766,0.09317430815287774
