rmax_increase,simulation_run,mean,std,cv,taylor
0.68,17,1.9934066336687302,0.03594741889319106,0.018033159058486858,0.0006482455226429699
