rmax_increase,simulation_run,mean,std,cv,taylor
1.03,7,1.316556638402213,0.43896391981001814,0.333418181190252,0.14635855175119988
