rmax_increase,simulation_run,mean,std,cv,taylor
0.91,20,1.57609206650048,0.24044758465203517,0.15255935218677907,0.03668252774939021
