rmax_increase,simulation_run,mean,std,cv,taylor
0.81,2,1.8042964280454148,0.051756068054263485,0.02868490301803156,0.0014846177927311894
