rmax_increase,simulation_run,mean,std,cv,taylor
0.98,10,1.4131880209698413,0.3762991140137421,0.2662767504606329,0.10019970528079447
