rmax_increase,simulation_run,mean,std,cv,taylor
0.85,5,1.7235948092384,0.08251714345397601,0.047875024345447895,0.003950510251775918
