rmax_increase,simulation_run,mean,std,cv,taylor
0.67,13,1.996219840016316,0.03424149390341727,0.017153167810984884,0.0005873500910241323
