rmax_increase,simulation_run,mean,std,cv,taylor
0.9,14,1.601941708307091,0.21899473840545428,0.13670580974939767,0.029937853044575143
