rmax_increase,simulation_run,mean,std,cv,taylor
0.63,2,1.9394262119379702,0.04001913186106571,0.020634521496477366,0.0008257756366575227
