rmax_increase,simulation_run,mean,std,cv,taylor
0.69,8,1.9949791062163302,0.03567676469355021,0.017883277364851517,0.0006380174784953003
