rmax_increase,simulation_run,mean,std,cv,taylor
0.74,3,1.935829108402314,0.04062653320911629,0.020986632049688696,0.0008526141039141821
