rmax_increase,simulation_run,mean,std,cv,taylor
1.06,8,1.2667797102645038,0.45754988948529374,0.3611913624585582,0.165263067975956
