rmax_increase,simulation_run,mean,std,cv,taylor
1.02,5,1.3384117961418258,0.4222668567577968,0.31549845718264347,0.1332245418264492
