rmax_increase,simulation_run,mean,std,cv,taylor
0.81,1,1.8045059081558905,0.05805272214639239,0.032170979260311316,0.0018676129201762052
