rmax_increase,simulation_run,mean,std,cv,taylor
0.8,17,1.8241578813982338,0.05188126171851321,0.02844121237946013,0.0014755659830505891
