rmax_increase,simulation_run,mean,std,cv,taylor
1.01,5,1.350114311163248,0.42137562234752735,0.31210366327016664,0.13151287534740957
