rmax_increase,simulation_run,mean,std,cv,taylor
0.64,16,1.9649116151383887,0.04197087814590493,0.021360186291610333,0.0008965057760190062
