rmax_increase,simulation_run,mean,std,cv,taylor
0.91,7,1.5737048715321775,0.25699740170906704,0.1633072416296528,0.041969536779095554
