rmax_increase,simulation_run,mean,std,cv,taylor
0.65,1,1.9797831406471764,0.03930621854396617,0.019853800013226324,0.0007803778022480724
