rmax_increase,simulation_run,mean,std,cv,taylor
0.58,4,1.5786936885180154,0.051962451920266085,0.03291484111084613,0.0017103358486855393
