rmax_increase,simulation_run,mean,std,cv,taylor
0.84,14,1.7448312477244647,0.06894200284416661,0.03951213215265251,0.0027240455272472563
