rmax_increase,simulation_run,mean,std,cv,taylor
0.62,5,1.8976873328158972,0.03834142575246091,0.02020429029031232,0.0007746612960471766
