rmax_increase,simulation_run,mean,std,cv,taylor
0.73,7,1.9493223455987345,0.0396186148398221,0.020324301380566814,0.000805220668285141
