rmax_increase,simulation_run,mean,std,cv,taylor
0.79,8,1.8436368731325685,0.04813380090237973,0.026108070197464868,0.0012566806528301279
