rmax_increase,simulation_run,mean,std,cv,taylor
0.71,20,1.9794295819916934,0.035717680462094885,0.018044430974986193,0.0006445052196848841
