rmax_increase,simulation_run,mean,std,cv,taylor
0.66,7,1.994891802523587,0.03746700005465914,0.018781469755533842,0.0007036853283571654
