rmax_increase,simulation_run,mean,std,cv,taylor
0.72,20,1.9631221719384795,0.03754249698175067,0.019123871921164964,0.0007179579038797221
