rmax_increase,simulation_run,mean,std,cv,taylor
0.59,18,1.689395663818408,0.053755540808603904,0.03181939077972089,0.0017104685595642011
