rmax_increase,simulation_run,mean,std,cv,taylor
1.07,11,1.2510181747878888,0.4680595911561134,0.3741429186154496,0.17512118152110234
