rmax_increase,simulation_run,mean,std,cv,taylor
0.76,7,1.9015679435621384,0.03963230310001437,0.020841907455472042,0.0008260127934577174
