rmax_increase,simulation_run,mean,std,cv,taylor
0.75,13,1.9157754642804958,0.04381940521688502,0.022872933719997397,0.0010022783511755193
