rmax_increase,simulation_run,mean,std,cv,taylor
0.93,4,1.5272743749342557,0.29511521402736596,0.1932299911992367,0.05702511020926878
