rmax_increase,simulation_run,mean,std,cv,taylor
1.08,7,1.2353032856884218,0.47454971768044835,0.38415644415289213,0.18230133211787988
