rmax_increase,simulation_run,mean,std,cv,taylor
1.03,3,1.314682418804029,0.4396705901311497,0.33443102595919666,0.14703948654164584
