rmax_increase,simulation_run,mean,std,cv,taylor
0.79,14,1.8435661403194636,0.0512847162262286,0.027818213355416524,0.001426649177853219
