rmax_increase,simulation_run,mean,std,cv,taylor
0.87,5,1.6781165030419336,0.12559594876143698,0.07484340242990777,0.009400028136718305
