rmax_increase,simulation_run,mean,std,cv,taylor
0.65,9,1.9826507993839142,0.036392756941200664,0.0183556060162028,0.0006680111082561091
