rmax_increase,simulation_run,mean,std,cv,taylor
0.94,7,1.4975328257733809,0.3237968267153124,0.21622018639096732,0.0700114102251886
