rmax_increase,simulation_run,mean,std,cv,taylor
0.8,14,1.8241752622104803,0.055285433291135916,0.03030708421302825,0.0016755402825082116
