rmax_increase,simulation_run,mean,std,cv,taylor
0.73,12,1.9503119610450164,0.036625241162029594,0.018779170662730823,0.0006877916543454275
