rmax_increase,simulation_run,mean,std,cv,taylor
1.05,4,1.2820092118597377,0.45633241231281313,0.3559509620456141,0.16243196117534167
