rmax_increase,simulation_run,mean,std,cv,taylor
0.92,19,1.5515615360005302,0.26380669852094313,0.17002657799893603,0.04485415020271294
