rmax_increase,simulation_run,mean,std,cv,taylor
0.62,17,1.8967468360017765,0.04491875061627223,0.02368199580654535,0.001063765663729815
