rmax_increase,simulation_run,mean,std,cv,taylor
0.88,13,1.6583298350903126,0.13587183749284829,0.08193293916433018,0.011132378995447296
