rmax_increase,simulation_run,mean,std,cv,taylor
0.82,7,1.7843906908179634,0.05560143318913823,0.031159898712344532,0.0017325350264347388
