rmax_increase,simulation_run,mean,std,cv,taylor
0.9,13,1.6006004537327738,0.22540141967563732,0.1408230387227348,0.03174171285114167
