rmax_increase,simulation_run,mean,std,cv,taylor
0.75,17,1.91657531001212,0.04055934794170261,0.021162407618329448,0.0008583334538759621
