rmax_increase,simulation_run,mean,std,cv,taylor
0.72,6,1.9624967464422658,0.040437423798050175,0.020605090872816787,0.0008332167920214282
