rmax_increase,simulation_run,mean,std,cv,taylor
0.78,19,1.8632093441742885,0.04638716671597623,0.02489637939022545,0.0011548725013985825
