rmax_increase,simulation_run,mean,std,cv,taylor
0.83,9,1.764369019271804,0.06325556604559641,0.03585166445039001,0.002267817328486206
