rmax_increase,simulation_run,mean,std,cv,taylor
0.89,12,1.637235775702094,0.14303223727715914,0.08736202775426329,0.01249558628276155
