rmax_increase,simulation_run,mean,std,cv,taylor
0.72,17,1.965661366355918,0.04178613725680989,0.021258054908143198,0.0008882920002044728
