rmax_increase,simulation_run,mean,std,cv,taylor
0.85,4,1.7237715746695024,0.07456779518969398,0.04325851306835177,0.0032256919426915547
