rmax_increase,simulation_run,mean,std,cv,taylor
0.71,12,1.977454100342019,0.03588092496966693,0.018145010275313594,0.0006510597522623626
