rmax_increase,simulation_run,mean,std,cv,taylor
0.97,15,1.4300997492909648,0.3748879006295132,0.2621410854839884,0.09827352120583419
