rmax_increase,simulation_run,mean,std,cv,taylor
0.86,19,1.7023602611262532,0.10054181371155704,0.05906024477159744,0.00593802412758491
