rmax_increase,simulation_run,mean,std,cv,taylor
0.66,11,1.9971983847572985,0.03728156076865536,0.01866692916096357,0.0006959322538786482
