rmax_increase,simulation_run,mean,std,cv,taylor
0.79,16,1.844158850100507,0.04861918890439204,0.026363883405023533,0.0012817906275222055
