rmax_increase,simulation_run,mean,std,cv,taylor
0.77,14,1.8828889062838077,0.042328952690882764,0.0224808551102603,0.0009515910524127983
