rmax_increase,simulation_run,mean,std,cv,taylor
1.05,16,1.2847775527501362,0.44965369697878316,0.3499856422742404,0.1573723379381061
