rmax_increase,simulation_run,mean,std,cv,taylor
0.73,13,1.9481121578548746,0.04048598954009622,0.02078216563499946,0.0008413865405191353
