rmax_increase,simulation_run,mean,std,cv,taylor
0.78,12,1.8638349165402375,0.0477068774766944,0.025596085282730285,0.0012211093044662343
