rmax_increase,simulation_run,mean,std,cv,taylor
0.99,20,1.3908818733473742,0.394851972864181,0.2838860585003586,0.11209297026750288
