rmax_increase,simulation_run,mean,std,cv,taylor
0.97,17,1.4341242184997838,0.3673299344662261,0.25613536800214176,0.09408618794270943
