rmax_increase,simulation_run,mean,std,cv,taylor
0.9,16,1.6110367674230894,0.18360691537840246,0.1139681719816291,0.02092534450886219
