rmax_increase,simulation_run,mean,std,cv,taylor
0.68,18,1.9972183075667427,0.03552081903358617,0.0177851459197077,0.0006317429496998607
