rmax_increase,simulation_run,mean,std,cv,taylor
1.07,19,1.249915487347357,0.47071488857261046,0.37659737265244136,0.1772699903048318
