rmax_increase,simulation_run,mean,std,cv,taylor
1.08,18,1.235983827702029,0.47660128316572536,0.3856047890625187,0.1837797372620453
