rmax_increase,simulation_run,mean,std,cv,taylor
0.58,15,1.5684332098349487,0.05267653428320706,0.03358544944910366,0.0017691650793226264
