rmax_increase,simulation_run,mean,std,cv,taylor
0.79,1,1.8435220789473876,0.052045266516138,0.028231431079933013,0.0014693123546870952
