rmax_increase,simulation_run,mean,std,cv,taylor
1.08,19,1.2337339365721862,0.47875949325732103,0.3880573266773461,0.18578612907483688
