rmax_increase,simulation_run,mean,std,cv,taylor
0.64,17,1.9603294702117915,0.03937172642457312,0.020084239421406774,0.0007907511799452544
