rmax_increase,simulation_run,mean,std,cv,taylor
1.04,13,1.2988786391000893,0.4441424187430581,0.34194296939918595,0.15187137750113794
