rmax_increase,simulation_run,mean,std,cv,taylor
0.65,14,1.9829910545431115,0.03861571377214374,0.019473468467582647,0.0007519818844950381
