rmax_increase,simulation_run,mean,std,cv,taylor
0.64,15,1.9659634174717977,0.040478237099479134,0.02058951694611571,0.0008334273487086153
