rmax_increase,simulation_run,mean,std,cv,taylor
1.01,1,1.3509499938174907,0.42011222749204297,0.31097540946345265,0.13064457196494123
