rmax_increase,simulation_run,mean,std,cv,taylor
0.68,8,1.9977433293186302,0.03783718375144573,0.018939962504768242,0.0007166348415384083
