rmax_increase,simulation_run,mean,std,cv,taylor
0.75,5,1.9166788182323047,0.044451757059987496,0.02319207403824915,0.0010309284408654943
