rmax_increase,simulation_run,mean,std,cv,taylor
0.64,7,1.9600596564245254,0.03879784735502772,0.019794217603458786,0.0007679730330911966
