rmax_increase,simulation_run,mean,std,cv,taylor
0.71,11,1.9756514896921191,0.03735292567314849,0.018906637060248657,0.0007062182088406629
