rmax_increase,simulation_run,mean,std,cv,taylor
1.03,6,1.3191062480095523,0.43361799077376945,0.3287210498988019,0.14253936118216248
