rmax_increase,simulation_run,mean,std,cv,taylor
0.98,15,1.4066281269728398,0.38924033911161676,0.276718723056739,0.10771008960113865
