rmax_increase,simulation_run,mean,std,cv,taylor
1.04,17,1.2984454188621064,0.4505172414057708,0.3469666378434158,0.1563144525410508
