rmax_increase,simulation_run,mean,std,cv,taylor
0.9,7,1.6033070190530274,0.2126310056762619,0.13262026745311054,0.028199180841609717
