rmax_increase,simulation_run,mean,std,cv,taylor
0.91,10,1.573602652041896,0.2538439876760187,0.1613139043370526,0.040948564744505235
