rmax_increase,simulation_run,mean,std,cv,taylor
0.79,10,1.8445145675386174,0.05454356672375317,0.029570689049389264,0.0016128908512327204
