rmax_increase,simulation_run,mean,std,cv,taylor
0.99,3,1.391507053762222,0.3947238870083582,0.28366646503238485,0.11196992969150345
