rmax_increase,simulation_run,mean,std,cv,taylor
0.94,14,1.5039948173715358,0.31304251673684624,0.20814068846589284,0.06515688495270296
