rmax_increase,simulation_run,mean,std,cv,taylor
0.86,11,1.7010524515889578,0.09535571402917391,0.056056892272840775,0.005345344988933213
