rmax_increase,simulation_run,mean,std,cv,taylor
0.87,2,1.6798274627924208,0.11782639202342877,0.07014196078659346,0.00826457416893313
