rmax_increase,simulation_run,mean,std,cv,taylor
0.67,1,1.9964917549045096,0.035890972916081856,0.017977020354786533,0.0006452127506654957
