rmax_increase,simulation_run,mean,std,cv,taylor
1.06,11,1.2642333760743492,0.46226909994881327,0.3656517132811619,0.16902948839322426
