rmax_increase,simulation_run,mean,std,cv,taylor
0.59,13,1.686364691968147,0.046765891066183646,0.027731777882282052,0.0012969013035144035
