rmax_increase,simulation_run,mean,std,cv,taylor
0.98,2,1.4101119322375095,0.38536331210416924,0.27328561888891334,0.10531425124546936
