rmax_increase,simulation_run,mean,std,cv,taylor
0.65,13,1.9791392682326057,0.037983900354446314,0.019192131126965297,0.0007289919963161173
