rmax_increase,simulation_run,mean,std,cv,taylor
0.61,5,1.8473159856607826,0.04725007697891779,0.025577690739257312,0.0012085478563728606
