rmax_increase,simulation_run,mean,std,cv,taylor
0.71,8,1.9768506874647929,0.03683027757593739,0.01863078370535424,0.0006861769353254479
