rmax_increase,simulation_run,mean,std,cv,taylor
0.75,18,1.917408414838745,0.04776120746253404,0.02490925099363913,0.0011896959044435309
