rmax_increase,simulation_run,mean,std,cv,taylor
0.79,5,1.8435098961613803,0.04545985339121075,0.02465940296055303,0.0011210128433015293
