rmax_increase,simulation_run,mean,std,cv,taylor
0.65,8,1.98786345927563,0.03808350541624839,0.019158008684422356,0.0007296041274977324
