rmax_increase,simulation_run,mean,std,cv,taylor
1.09,9,1.2212324898440658,0.4800483263251989,0.39308512532817913,0.18869985651712345
