rmax_increase,simulation_run,mean,std,cv,taylor
1.04,5,1.2986362878293343,0.4473457312058865,0.34447345680877534,0.15409873041714095
