rmax_increase,simulation_run,mean,std,cv,taylor
0.74,8,1.9342503202062618,0.04076139774814798,0.02107348636437156,0.000858984759638322
