rmax_increase,simulation_run,mean,std,cv,taylor
1.09,13,1.220130534970272,0.48335491817904097,0.39615016944954806,0.1914811327408995
