rmax_increase,simulation_run,mean,std,cv,taylor
0.87,15,1.6803166580119517,0.10802849495433507,0.06429055763938435,0.0069452121815576215
