rmax_increase,simulation_run,mean,std,cv,taylor
0.77,5,1.8823757023057546,0.04376986495676214,0.023252459593027935,0.001017757016299401
