rmax_increase,simulation_run,mean,std,cv,taylor
0.74,13,1.9349432243185138,0.03752525604231405,0.019393466211666457,0.00072774478514075
