rmax_increase,simulation_run,mean,std,cv,taylor
0.6,7,1.7882298221060549,0.0483160625286433,0.027018933434260674,0.0013054484772669899
