rmax_increase,simulation_run,mean,std,cv,taylor
0.6,10,1.7887326812538231,0.045600746047103256,0.025493326378505664,0.0011625147020821553
