rmax_increase,simulation_run,mean,std,cv,taylor
1.08,15,1.2357351033343242,0.4733720670462498,0.383069207768698,0.18133426270323794
