rmax_increase,simulation_run,mean,std,cv,taylor
1.04,19,1.2976342362910183,0.44978729826655983,0.34662101668353856,0.15590573061649696
