rmax_increase,simulation_run,mean,std,cv,taylor
0.74,7,1.9343316209686852,0.042407634311960846,0.02192366285710809,0.0009297306772229585
