rmax_increase,simulation_run,mean,std,cv,taylor
0.94,1,1.4970743367115005,0.32782499736514076,0.2189771004192396,0.07178616736796338
