rmax_increase,simulation_run,mean,std,cv,taylor
0.59,2,1.6846681712038976,0.04996352163929661,0.02965778216347002,0.0014818072408980796
