rmax_increase,simulation_run,mean,std,cv,taylor
0.87,3,1.682120511148494,0.09930034131986147,0.05903283424804244,0.005861980589909423
