rmax_increase,simulation_run,mean,std,cv,taylor
0.96,10,1.4546257768630337,0.34984668060393653,0.24050631177346293,0.08414033483824147
