rmax_increase,simulation_run,mean,std,cv,taylor
1.05,2,1.28309824125279,0.4491091945614668,0.3500193361055238,0.15719690211929116
