rmax_increase,simulation_run,mean,std,cv,taylor
0.73,17,1.950818490251305,0.038707321594461136,0.01984158023306148,0.0007680144270234138
