rmax_increase,simulation_run,mean,std,cv,taylor
0.79,7,1.8429737551089684,0.04763748611885528,0.025848163049960876,0.0012313415084904192
