rmax_increase,simulation_run,mean,std,cv,taylor
1.02,3,1.3334820942821022,0.42875116154068676,0.3215274981037602,0.13785528827925814
