rmax_increase,simulation_run,mean,std,cv,taylor
1.04,18,1.3002190158389624,0.4434344502016904,0.341045965948718,0.15123153040397422
