rmax_increase,simulation_run,mean,std,cv,taylor
0.78,11,1.8622760771520255,0.048567895782775115,0.026079858071876155,0.0012666438288644474
