rmax_increase,simulation_run,mean,std,cv,taylor
1.05,18,1.282993876322166,0.4539099905547057,0.3537896781361774,0.16058866946114467
