rmax_increase,simulation_run,mean,std,cv,taylor
0.68,4,1.9947082105083163,0.03779981320199093,0.018950046429276148,0.0007163082151956936
