rmax_increase,simulation_run,mean,std,cv,taylor
0.8,8,1.8246558041019771,0.04913296574923561,0.02692725150616387,0.0013230157259734026
