rmax_increase,simulation_run,mean,std,cv,taylor
1.03,4,1.318651028230323,0.4315051175213375,0.3272322307293332,0.14120238217763037
