rmax_increase,simulation_run,mean,std,cv,taylor
0.96,2,1.4546594321676267,0.3567203809774738,0.24522604610339294,0.0874771285916019
