rmax_increase,simulation_run,mean,std,cv,taylor
0.8,12,1.8246870457451538,0.04524335650584829,0.024795132190666758,0.0011218150053119715
