rmax_increase,simulation_run,mean,std,cv,taylor
0.59,1,1.6851233153389127,0.045710541240405154,0.027125932461038813,0.0012399410544447595
