rmax_increase,simulation_run,mean,std,cv,taylor
1.02,19,1.332538337719612,0.4320027298512816,0.3241953477980774,0.1400532752538551
