rmax_increase,simulation_run,mean,std,cv,taylor
0.81,9,1.8042576472436644,0.05076528596048616,0.02813638397932772,0.0014283515786046132
