rmax_increase,simulation_run,mean,std,cv,taylor
0.61,9,1.8458470070714423,0.03923426212157272,0.021255424729821167,0.0008339409053551628
