rmax_increase,simulation_run,mean,std,cv,taylor
1.03,15,1.317740181881287,0.4366136908496756,0.331335187962728,0.14466547932477766
