rmax_increase,simulation_run,mean,std,cv,taylor
1.02,7,1.335062579403963,0.4254689880012026,0.31868842297351535,0.13559204081024076
