rmax_increase,simulation_run,mean,std,cv,taylor
0.71,4,1.9799167308009307,0.03697428781443514,0.01867466810055089,0.0006904825531888193
