rmax_increase,simulation_run,mean,std,cv,taylor
0.75,9,1.9179378562826888,0.03792942740352182,0.019776150347767748,0.0007500980589367896
