rmax_increase,simulation_run,mean,std,cv,taylor
1.02,13,1.33631900126051,0.42054546930809106,0.3147043998561743,0.132347509530836
