rmax_increase,simulation_run,mean,std,cv,taylor
0.58,6,1.56020316194992,0.04660812221442359,0.02987311098393969,0.0013923296076645008
