rmax_increase,simulation_run,mean,std,cv,taylor
1.1,12,1.2061794575426474,0.48791515563210475,0.40451290442811516,0.19736797671923853
