rmax_increase,simulation_run,mean,std,cv,taylor
0.71,7,1.976856217782556,0.03707471503829421,0.018754381175926392,0.00069531333781702
