rmax_increase,simulation_run,mean,std,cv,taylor
1.01,19,1.3532082666136303,0.42097968302145433,0.3110974810070777,0.13096571894313247
