rmax_increase,simulation_run,mean,std,cv,taylor
0.95,16,1.4739724988833847,0.341848857509817,0.23192349773743154,0.0792827827312216
