rmax_increase,simulation_run,mean,std,cv,taylor
0.59,15,1.677810216924703,0.04686637533393642,0.027933061118103623,0.00130912132658683
