rmax_increase,simulation_run,mean,std,cv,taylor
1.07,18,1.2508030210563554,0.4698096441120313,0.3756064193986815,0.17646351822388892
