rmax_increase,simulation_run,mean,std,cv,taylor
0.99,16,1.3897490282309581,0.39746772267509156,0.2859996406552893,0.11367562585715237
