rmax_increase,simulation_run,mean,std,cv,taylor
0.58,18,1.586506251842012,0.04681853885579224,0.02951046603278973,0.0013816369006087032
