rmax_increase,simulation_run,mean,std,cv,taylor
0.78,4,1.864595103042681,0.043448906485608514,0.023302059741928838,0.001012449014649129
