rmax_increase,simulation_run,mean,std,cv,taylor
0.81,19,1.8044110669755753,0.05150498758694181,0.02854393243844973,0.0014701548859248589
