rmax_increase,simulation_run,mean,std,cv,taylor
1.06,2,1.2663319215110975,0.464634027596332,0.36691330266861644,0.17048040559759126
