rmax_increase,simulation_run,mean,std,cv,taylor
0.82,10,1.7850175302416915,0.0591867017405324,0.03315749046594434,0.0019624824986723944
