rmax_increase,simulation_run,mean,std,cv,taylor
0.73,19,1.9507598903729841,0.03506179783839685,0.01797340513890362,0.0006301798974478418
