rmax_increase,simulation_run,mean,std,cv,taylor
1.1,8,1.208217815694581,0.4830075993471617,0.39976864525002054,0.19309129363647953
