rmax_increase,simulation_run,mean,std,cv,taylor
0.97,1,1.4294912705518674,0.3760397939249896,0.26305847518734143,0.09892045479966986
