rmax_increase,simulation_run,mean,std,cv,taylor
0.94,11,1.4962182650678886,0.3275034317088444,0.21888747073541734,0.07168639782391843
