rmax_increase,simulation_run,mean,std,cv,taylor
0.98,14,1.4135120790163571,0.3749360300857578,0.26525138033957973,0.09945229951928945
