rmax_increase,simulation_run,mean,std,cv,taylor
0.64,18,1.9667497356366437,0.0404934401845504,0.0205890151913215,0.0008337200551085767
