rmax_increase,simulation_run,mean,std,cv,taylor
0.6,5,1.7669133464195739,0.04816096240973111,0.02725711620624928,0.001312728949006844
