rmax_increase,simulation_run,mean,std,cv,taylor
0.76,2,1.900554461484893,0.042884358436692735,0.022564130260801583,0.0009676482499164403
