rmax_increase,simulation_run,mean,std,cv,taylor
1.08,3,1.2363026534696835,0.47519333248176626,0.3843665069779929,0.1826484013452485
