rmax_increase,simulation_run,mean,std,cv,taylor
0.61,7,1.8394115994588358,0.04224554017029534,0.022966877115879986,0.0009702481297851447
