rmax_increase,simulation_run,mean,std,cv,taylor
0.66,4,1.992828017239247,0.03827649849482893,0.019207125835100942,0.0007351815231172311
