rmax_increase,simulation_run,mean,std,cv,taylor
0.92,15,1.5467292281758545,0.2793776266877785,0.18062478008336622,0.05046252238069278
