rmax_increase,simulation_run,mean,std,cv,taylor
0.8,1,1.8238697964902164,0.04389293107825104,0.02406582485368028,0.0010563195916438494
