rmax_increase,simulation_run,mean,std,cv,taylor
0.86,4,1.704780385016778,0.07669279772285159,0.04498690763742968,0.0034501718076140014
