rmax_increase,simulation_run,mean,std,cv,taylor
0.88,17,1.655399097743299,0.14687443733511857,0.08872448797111415,0.013031359248603889
