rmax_increase,simulation_run,mean,std,cv,taylor
1.03,9,1.3152077332191212,0.4408824215497987,0.33521884825805315,0.147792097569145
