rmax_increase,simulation_run,mean,std,cv,taylor
0.88,4,1.6575333029159791,0.1377796447692237,0.08312330408495436,0.011452699308869172
