rmax_increase,simulation_run,mean,std,cv,taylor
1.09,11,1.2214441071070081,0.47582489213150414,0.3895592842627044,0.18536200441312728
