rmax_increase,simulation_run,mean,std,cv,taylor
0.63,12,1.9331445825011635,0.04157348506307978,0.02150562634549077,0.0008940638356464355
