rmax_increase,simulation_run,mean,std,cv,taylor
0.61,1,1.8438238094321115,0.04961861765140379,0.026910715328427218,0.0013352724946070014
