rmax_increase,simulation_run,mean,std,cv,taylor
1.03,11,1.315970372360449,0.43861605231321416,0.3333023763494545,0.14619177254101093
