rmax_increase,simulation_run,mean,std,cv,taylor
1.06,9,1.26751853791576,0.46127481552717714,0.3639195812360053,0.1678669377013659
