rmax_increase,simulation_run,mean,std,cv,taylor
0.66,16,1.9920392421759567,0.038780399726093755,0.019467688640376835,0.0007549647472169484
