rmax_increase,simulation_run,mean,std,cv,taylor
1.05,7,1.2829223156635343,0.4546152657737885,0.3543591534914248,0.1610970807438788
