rmax_increase,simulation_run,mean,std,cv,taylor
1.02,14,1.3334905395179384,0.42855758964531304,0.3213803000059064,0.13772996673001883
