rmax_increase,simulation_run,mean,std,cv,taylor
0.59,17,1.6717972460920867,0.044078542184449905,0.02636596171424842,0.0011621731556550902
