rmax_increase,simulation_run,mean,std,cv,taylor
1.03,12,1.3187587684098538,0.43154028536454464,0.32723216383606807,0.14121386136227423
