rmax_increase,simulation_run,mean,std,cv,taylor
0.82,5,1.7841457267151348,0.06124789391128849,0.03432897492294788,0.0021025774141639943
