rmax_increase,simulation_run,mean,std,cv,taylor
0.83,6,1.7634770338391987,0.06646903448754737,0.03769203296219865,0.002505353038870154
