rmax_increase,simulation_run,mean,std,cv,taylor
0.59,8,1.6913208309355914,0.05043021290084822,0.029817058939049214,0.0015036806303733914
