rmax_increase,simulation_run,mean,std,cv,taylor
0.67,11,1.994942612540838,0.03908389840804449,0.019591490082146116,0.0007657118080328101
