rmax_increase,simulation_run,mean,std,cv,taylor
1.04,12,1.298582600164579,0.4469822176097922,0.34420776741744635,0.15385475119876574
