rmax_increase,simulation_run,mean,std,cv,taylor
0.61,11,1.8361067209608342,0.04781496500062622,0.026041495548583725,0.0012451731982194942
