rmax_increase,simulation_run,mean,std,cv,taylor
1.07,2,1.2517703433485976,0.46471866563660863,0.3712491417502708,0.172526405772922
