rmax_increase,simulation_run,mean,std,cv,taylor
0.87,16,1.6808788228366753,0.10585952209394724,0.06297867559262671,0.006666892500345203
