rmax_increase,simulation_run,mean,std,cv,taylor
0.78,5,1.8628639075697997,0.050569805278052174,0.0271462692859958,0.001372781551818376
