rmax_increase,simulation_run,mean,std,cv,taylor
0.91,3,1.5759330168019592,0.239233198208136,0.151804166584194,0.036316596273257375
