rmax_increase,simulation_run,mean,std,cv,taylor
1.0,13,1.375544445688029,0.40484472856674514,0.294315992359118,0.11915227803947936
