rmax_increase,simulation_run,mean,std,cv,taylor
1.03,17,1.3149297098014139,0.44442223039053336,0.33798173931110875,0.15020659841591477
