rmax_increase,simulation_run,mean,std,cv,taylor
0.79,3,1.8452356486003771,0.05140776538771573,0.02785972914988329,0.0014322064199025052
