rmax_increase,simulation_run,mean,std,cv,taylor
0.99,18,1.3927945055481699,0.38688586290637883,0.27777670098871476,0.1074678786573061
