rmax_increase,simulation_run,mean,std,cv,taylor
0.68,16,2.0006522913770146,0.03425777403839396,0.017123302327969707,0.0005866062219426914
