rmax_increase,simulation_run,mean,std,cv,taylor
0.81,20,1.804800242423418,0.05308076031723725,0.029410878317459886,0.001561151782688518
