rmax_increase,simulation_run,mean,std,cv,taylor
0.88,11,1.6499688193537447,0.17579954125314595,0.10654718997780978,0.01873094711991075
