rmax_increase,simulation_run,mean,std,cv,taylor
0.95,9,1.477744071420832,0.33147775362451015,0.22431337065409337,0.074354892212361
