rmax_increase,simulation_run,mean,std,cv,taylor
1.06,4,1.2654977557836176,0.4641736181845452,0.3667913404533231,0.17025486361697834
