rmax_increase,simulation_run,mean,std,cv,taylor
0.63,13,1.931230047168646,0.04886014752860682,0.02530001415431585,0.0012361624240557134
