rmax_increase,simulation_run,mean,std,cv,taylor
0.94,15,1.5003536378277906,0.32168730754381236,0.21440765659058267,0.06897222176540288
