rmax_increase,simulation_run,mean,std,cv,taylor
0.58,10,1.5626726724397217,0.05393088095298366,0.03451194988185472,0.0018612598605336453
