rmax_increase,simulation_run,mean,std,cv,taylor
0.78,1,1.8629115449601166,0.049068078037229776,0.026339456733722847,0.00129242651846855
