rmax_increase,simulation_run,mean,std,cv,taylor
0.98,4,1.4090769557848206,0.38616344252245005,0.27405418911798657,0.10582970910750027
