rmax_increase,simulation_run,mean,std,cv,taylor
0.87,13,1.6817431586946603,0.11219128851900305,0.06671130959502994,0.00748442778225654
