rmax_increase,simulation_run,mean,std,cv,taylor
1.01,7,1.3509789317201237,0.4219782951966844,0.31235001915196686,0.1318049285863987
