rmax_increase,simulation_run,mean,std,cv,taylor
0.7,6,1.9887313140880831,0.03763835872425624,0.01892581388829542,0.0007123365722761738
