rmax_increase,simulation_run,mean,std,cv,taylor
0.91,13,1.5772184894574417,0.24155629331130396,0.1531533487122628,0.03699515522314777
