rmax_increase,simulation_run,mean,std,cv,taylor
0.65,12,1.9792537821228853,0.038316146671225175,0.0193588851603095,0.0007417578831938232
