rmax_increase,simulation_run,mean,std,cv,taylor
0.94,3,1.5009065360166371,0.3144562014069427,0.20951084818479132,0.06588198547373614
