rmax_increase,simulation_run,mean,std,cv,taylor
1.0,12,1.370545683576932,0.4080177579738663,0.29770460252663533,0.12146876446141877
