rmax_increase,simulation_run,mean,std,cv,taylor
0.62,9,1.8926780447468445,0.043345974581561725,0.022901927087847353,0.0009927063494186113
