rmax_increase,simulation_run,mean,std,cv,taylor
0.73,8,1.949032415923674,0.03732238251560322,0.01914918510881494,0.0007146932114932841
