rmax_increase,simulation_run,mean,std,cv,taylor
0.78,2,1.8638742173465455,0.047061222403977136,0.025249140723119495,0.0011882554270800426
