rmax_increase,simulation_run,mean,std,cv,taylor
0.68,11,1.99548849109794,0.03583435960112986,0.017957687935054634,0.0006435022470696189
