rmax_increase,simulation_run,mean,std,cv,taylor
0.63,5,1.9344273892971522,0.042102361481390294,0.02176476703872954,0.0009163480894228397
