rmax_increase,simulation_run,mean,std,cv,taylor
0.83,16,1.7644541835583105,0.061456932318455504,0.03483056283984521,0.0021405795430620785
