rmax_increase,simulation_run,mean,std,cv,taylor
0.71,10,1.97341114200477,0.03850694473330262,0.019512885031237725,0.0007513815854851591
