rmax_increase,simulation_run,mean,std,cv,taylor
0.92,1,1.5481751345760986,0.2753392804558567,0.17784763125732966,0.04896843882117168
