rmax_increase,simulation_run,mean,std,cv,taylor
0.83,3,1.7656955748321363,0.05933107710719279,0.03360209877222656,0.001993648713218482
