rmax_increase,simulation_run,mean,std,cv,taylor
0.89,15,1.6340697201903158,0.16485141733669786,0.10088395574547336,0.016630863091173988
