rmax_increase,simulation_run,mean,std,cv,taylor
1.09,2,1.2227012955648966,0.47824371355154127,0.3911369974713156,0.1870588101780818
