rmax_increase,simulation_run,mean,std,cv,taylor
1.04,9,1.2985437297690594,0.4492929102887001,0.3459975201363492,0.15545423277473344
