rmax_increase,simulation_run,mean,std,cv,taylor
0.9,15,1.6002799237899195,0.22212631833136137,0.1388046647522159,0.030832169148628605
