rmax_increase,simulation_run,mean,std,cv,taylor
0.78,7,1.8625247180752789,0.04237068885426122,0.022749061230203066,0.0009638933951114711
