rmax_increase,simulation_run,mean,std,cv,taylor
0.85,14,1.72400164614966,0.07200092045161935,0.04176383509402344,0.00300703456835933
