rmax_increase,simulation_run,mean,std,cv,taylor
1.0,2,1.3700824800572426,0.40634201545536397,0.2965821557242209,0.12051379090507656
