rmax_increase,simulation_run,mean,std,cv,taylor
0.91,9,1.582748464226699,0.21976305163149804,0.1388490063952582,0.030513881361423335
