rmax_increase,simulation_run,mean,std,cv,taylor
0.89,16,1.635479011278339,0.1519961004574318,0.09293674783305665,0.014126023259820287
