rmax_increase,simulation_run,mean,std,cv,taylor
1.09,7,1.220938233015175,0.482369331770355,0.39508086381988144,0.19057489227605084
