rmax_increase,simulation_run,mean,std,cv,taylor
0.7,8,1.9854448886341387,0.03903793747786261,0.019662060478907707,0.0007675662876615525
