rmax_increase,simulation_run,mean,std,cv,taylor
1.08,13,1.2353636062375475,0.47774068995255564,0.38672070922307156,0.18475221844317186
