rmax_increase,simulation_run,mean,std,cv,taylor
0.58,11,1.5717814416596192,0.040662607922906345,0.02587039574660669,0.0010519577590546918
