rmax_increase,simulation_run,mean,std,cv,taylor
1.06,15,1.2667811494707355,0.46434560104181904,0.3665555026894929,0.17020843521153867
