rmax_increase,simulation_run,mean,std,cv,taylor
0.78,16,1.8634421970504573,0.04519997206918169,0.024256170725728065,0.0010963782393082111
