rmax_increase,simulation_run,mean,std,cv,taylor
1.07,9,1.2518069409992092,0.46643246798189514,0.3726073507865218,0.1737961662155531
