rmax_increase,simulation_run,mean,std,cv,taylor
0.58,20,1.584856746281699,0.060185062394075874,0.03797508041990461,0.002285532584492008
