rmax_increase,simulation_run,mean,std,cv,taylor
0.62,16,1.8902836175889153,0.0406001700510229,0.021478348367008026,0.0008720245961156357
