rmax_increase,simulation_run,mean,std,cv,taylor
0.84,12,1.7438066909395853,0.07268980920906588,0.0416845568873805,0.0030300424871081413
