rmax_increase,simulation_run,mean,std,cv,taylor
1.1,19,1.2079004315168154,0.48256431376462355,0.39950669870913585,0.19278767590694437
