rmax_increase,simulation_run,mean,std,cv,taylor
0.66,9,1.9936936047308111,0.03727727811215156,0.01869759627241456,0.0006969954962755259
