rmax_increase,simulation_run,mean,std,cv,taylor
0.86,8,1.7050170984123199,0.06907482411710872,0.04051268704661666,0.0027984067322565148
