rmax_increase,simulation_run,mean,std,cv,taylor
0.94,19,1.5006233280021526,0.3126298651305578,0.2083333367519856,0.06513122297097233
