rmax_increase,simulation_run,mean,std,cv,taylor
0.88,12,1.6578299126968283,0.14107095429502248,0.0850937440654206,0.01200425567984529
