rmax_increase,simulation_run,mean,std,cv,taylor
0.98,9,1.4168616564722,0.3791753339780882,0.267616342249098,0.10147351595029609
