rmax_increase,simulation_run,mean,std,cv,taylor
0.89,3,1.6303139845739323,0.17980416232774704,0.11028805741044859,0.019830251777440182
