rmax_increase,simulation_run,mean,std,cv,taylor
0.71,3,1.9769627969883745,0.03571896994733134,0.01806759844026614,0.0006453560057083169
