rmax_increase,simulation_run,mean,std,cv,taylor
0.7,9,1.9882727701601755,0.03830284371150848,0.019264380766238026,0.000737880565688205
