rmax_increase,simulation_run,mean,std,cv,taylor
0.78,6,1.8637248969190332,0.049019377472237335,0.026301831108911194,0.0012892993873387525
