rmax_increase,simulation_run,mean,std,cv,taylor
1.08,20,1.2353646225528214,0.47601385709502175,0.3853225585425638,0.18341887731756812
