rmax_increase,simulation_run,mean,std,cv,taylor
0.89,11,1.6277579984025696,0.19101296901673087,0.11734727717767934,0.022414851819737798
