rmax_increase,simulation_run,mean,std,cv,taylor
0.94,5,1.5056774879992945,0.31257707227871134,0.20759895447069193,0.06489067339657038
