rmax_increase,simulation_run,mean,std,cv,taylor
1.05,5,1.2833633316072217,0.44905223874254097,0.34990265631180983,0.15712457115878012
