rmax_increase,simulation_run,mean,std,cv,taylor
0.95,8,1.4754028393652439,0.33940317221524263,0.23004101873713526,0.07807665149900977
