rmax_increase,simulation_run,mean,std,cv,taylor
0.98,11,1.4147523121003074,0.37892435168130517,0.2678379448051675,0.10149031959095127
