rmax_increase,simulation_run,mean,std,cv,taylor
1.02,2,1.3334086221439367,0.4289174755009492,0.32166994301514956,0.13796985990259214
