rmax_increase,simulation_run,mean,std,cv,taylor
0.86,17,1.7022211077582103,0.09524027043111676,0.05595058714584159,0.005328749050549718
