rmax_increase,simulation_run,mean,std,cv,taylor
0.79,2,1.8445954853698143,0.04374639749330149,0.02371598425794205,0.0010374888742928137
