rmax_increase,simulation_run,mean,std,cv,taylor
0.68,15,1.9960131653257236,0.037700099373168844,0.01888770075673157,0.0007120681954594565
