rmax_increase,simulation_run,mean,std,cv,taylor
0.66,8,1.9952548623171047,0.03820038499988601,0.019145616793798267,0.000731369932583377
