rmax_increase,simulation_run,mean,std,cv,taylor
1.01,10,1.3523423000737576,0.41970450834395084,0.3103537531297068,0.1302568693700035
