rmax_increase,simulation_run,mean,std,cv,taylor
0.95,6,1.4758702509157289,0.3372448390039369,0.22850575028169828,0.07706238496522516
