rmax_increase,simulation_run,mean,std,cv,taylor
0.93,9,1.5299810384954657,0.28360917185417295,0.18536776908886735,0.05257199947974923
