rmax_increase,simulation_run,mean,std,cv,taylor
1.04,2,1.302891728300531,0.4403142677119514,0.3379515412890752,0.14880488542482445
