rmax_increase,simulation_run,mean,std,cv,taylor
0.79,6,1.843648924222477,0.047928017452402355,0.025996282059294485,0.0012459502602354402
