rmax_increase,simulation_run,mean,std,cv,taylor
0.95,1,1.4783134501682447,0.3335955726471624,0.22565956672395585,0.0752790323845886
