rmax_increase,simulation_run,mean,std,cv,taylor
0.62,12,1.8922758283248418,0.03768211259623636,0.019913646854325076,0.0007503882829663656
