rmax_increase,simulation_run,mean,std,cv,taylor
0.93,1,1.5272967453543256,0.28855629777328606,0.18893269998185086,0.05451772043507387
