rmax_increase,simulation_run,mean,std,cv,taylor
0.74,18,1.9352161787968782,0.03599825616559253,0.018601671771870266,0.0006696277455520574
