rmax_increase,simulation_run,mean,std,cv,taylor
0.83,20,1.7620890330830086,0.08404167012137329,0.047694338108631905,0.004008311829982885
