rmax_increase,simulation_run,mean,std,cv,taylor
1.08,1,1.236139594911378,0.4743797744885323,0.3837590644627331,0.18204753845776145
