rmax_increase,simulation_run,mean,std,cv,taylor
0.7,4,1.9863836924778029,0.03809469434552773,0.019177913355706542,0.0007305767474706547
