rmax_increase,simulation_run,mean,std,cv,taylor
0.94,20,1.5058911055936581,0.3114006745305326,0.20678830851303226,0.06439401875598612
