rmax_increase,simulation_run,mean,std,cv,taylor
0.97,3,1.4306081063176015,0.36879291267997494,0.2577875178054536,0.09507020954401413
