rmax_increase,simulation_run,mean,std,cv,taylor
0.92,20,1.5504602126116158,0.2688198672186228,0.17338069370114245,0.046608175059013816
