rmax_increase,simulation_run,mean,std,cv,taylor
1.01,12,1.3531702483185786,0.4155585874617513,0.3071000031061249,0.1276180435002807
