rmax_increase,simulation_run,mean,std,cv,taylor
0.58,12,1.5860867995441363,0.0452075325672766,0.028502558990006022,0.0012885303637914197
