rmax_increase,simulation_run,mean,std,cv,taylor
0.71,16,1.9775966492088557,0.03159773860414025,0.01597784796853344,0.000504863863566413
