rmax_increase,simulation_run,mean,std,cv,taylor
1.0,6,1.3702992455302359,0.40870206095487627,0.2982575246158947,0.1218984650058159
