rmax_increase,simulation_run,mean,std,cv,taylor
1.09,4,1.2218505940187305,0.48059972930274325,0.39333755833602013,0.18903792406089323
