rmax_increase,simulation_run,mean,std,cv,taylor
0.77,12,1.8820303485058358,0.04383634548663581,0.023292050269772723,0.0010210383627178457
