rmax_increase,simulation_run,mean,std,cv,taylor
0.58,8,1.5543623706641998,0.03813701812038183,0.02453547437852949,0.0009357098309661432
