rmax_increase,simulation_run,mean,std,cv,taylor
1.08,6,1.2345664829486462,0.4789280015771743,0.38793212693843726,0.18579155830220848
