rmax_increase,simulation_run,mean,std,cv,taylor
0.69,10,1.9897225820437217,0.037031347569896796,0.01861131190050648,0.0006892019597194119
