rmax_increase,simulation_run,mean,std,cv,taylor
0.67,2,1.9966025698588077,0.03826234794888503,0.019163727687474028,0.0007332492167758131
