rmax_increase,simulation_run,mean,std,cv,taylor
0.97,12,1.431839358766175,0.3699762510001928,0.25839229012324655,0.09559901078715291
