rmax_increase,simulation_run,mean,std,cv,taylor
0.95,7,1.4759204221217241,0.3358587983413407,0.22755888007737132,0.07642765201468718
