rmax_increase,simulation_run,mean,std,cv,taylor
0.92,18,1.549972547975389,0.27111933590636084,0.17491879856872522,0.04742386850549128
