rmax_increase,simulation_run,mean,std,cv,taylor
0.6,16,1.7693867872525455,0.051400711127735324,0.0290500141054794,0.001493191383292383
