rmax_increase,simulation_run,mean,std,cv,taylor
0.97,19,1.432733920279557,0.3679036991677569,0.25678438540491244,0.09447192527898626
