rmax_increase,simulation_run,mean,std,cv,taylor
0.99,11,1.3896983427841625,0.39832854015441727,0.2866294992885968,0.11417271001681835
