rmax_increase,simulation_run,mean,std,cv,taylor
0.88,20,1.652067984354793,0.1625071065134942,0.0983658711702234,0.01598515310355214
