rmax_increase,simulation_run,mean,std,cv,taylor
0.66,17,1.9897453820673254,0.03657108158249416,0.01837977959998941,0.0006721684192194746
