rmax_increase,simulation_run,mean,std,cv,taylor
0.8,4,1.8250993099266843,0.044484900188425006,0.024373961431288907,0.0010842732414674077
