rmax_increase,simulation_run,mean,std,cv,taylor
1.02,9,1.3326288997825972,0.4293778849689298,0.3222036420184027,0.13834711833914795
