rmax_increase,simulation_run,mean,std,cv,taylor
0.9,10,1.6060461488723898,0.2090250073504766,0.13014881763966354,0.027204357563786512
