rmax_increase,simulation_run,mean,std,cv,taylor
0.78,18,1.863066492020386,0.03968526315539563,0.021301044984368377,0.0008453375756895794
