rmax_increase,simulation_run,mean,std,cv,taylor
1.08,12,1.236253980019627,0.47470991708389815,0.3839906077199133,0.1822841495517157
