rmax_increase,simulation_run,mean,std,cv,taylor
0.6,1,1.7691409645312917,0.046677522452603495,0.02638428671791568,0.0012315531356714374
