rmax_increase,simulation_run,mean,std,cv,taylor
0.86,5,1.7018197515240279,0.10619525959165249,0.062401003100681855,0.006626690723056421
