rmax_increase,simulation_run,mean,std,cv,taylor
0.89,8,1.632426162376242,0.16970475337241092,0.10395860914491846,0.017642270125877248
