rmax_increase,simulation_run,mean,std,cv,taylor
0.82,16,1.7848370500192547,0.0534975694966763,0.029973363392528842,0.0016035020911409452
