rmax_increase,simulation_run,mean,std,cv,taylor
1.04,6,1.297839933589231,0.44725242626026385,0.34461293313988917,0.1541289704674815
