rmax_increase,simulation_run,mean,std,cv,taylor
0.76,12,1.900823944130565,0.03938161457687247,0.020718181028009715,0.00081591541997895
