rmax_increase,simulation_run,mean,std,cv,taylor
0.93,19,1.5269192284946227,0.2906144355442534,0.19032731405888959,0.05531186494387805
