rmax_increase,simulation_run,mean,std,cv,taylor
0.85,15,1.7235943926552784,0.08174477012501434,0.04742691811562619,0.0038769025190997413
