rmax_increase,simulation_run,mean,std,cv,taylor
0.75,11,1.9178079751584607,0.04562658945806319,0.02379101038741548,0.001085502663739123
