rmax_increase,simulation_run,mean,std,cv,taylor
0.79,15,1.8438014133721394,0.051300692549830745,0.02782332857420182,0.001427356024898048
