rmax_increase,simulation_run,mean,std,cv,taylor
0.93,2,1.5337944151887217,0.27792392748597217,0.1812002473954606,0.0503598844175762
