rmax_increase,simulation_run,mean,std,cv,taylor
0.63,8,1.9367324129735075,0.03928189069210344,0.020282559649937956,0.0007967372911249305
