rmax_increase,simulation_run,mean,std,cv,taylor
0.96,11,1.4543190805713972,0.35447990559347886,0.24374286931187403,0.08640194930275676
