rmax_increase,simulation_run,mean,std,cv,taylor
0.81,15,1.8052689578278476,0.05966826445445705,0.033052285198683994,0.0019721724940592127
