rmax_increase,simulation_run,mean,std,cv,taylor
0.93,8,1.5201577275714333,0.31159582770104927,0.20497598508994663,0.06386966173293986
