rmax_increase,simulation_run,mean,std,cv,taylor
0.99,19,1.3879426867413958,0.40385450160273223,0.29097347135485807,0.11751094625363309
