rmax_increase,simulation_run,mean,std,cv,taylor
0.69,7,1.9982210482552198,0.03796118330054349,0.018997489458781314,0.0007211671795949401
