rmax_increase,simulation_run,mean,std,cv,taylor
0.73,11,1.9490958793190407,0.04122151462524226,0.021149044058132175,0.0008717956289521884
