rmax_increase,simulation_run,mean,std,cv,taylor
0.79,4,1.8434965095809013,0.04807686257040222,0.0260791720084851,0.0012538047686018185
