rmax_increase,simulation_run,mean,std,cv,taylor
0.87,4,1.681071565480676,0.10040866648561296,0.059728966063918094,0.005997305833042447
