rmax_increase,simulation_run,mean,std,cv,taylor
0.73,18,1.9494720915065893,0.03550485353904068,0.01821254774240028,0.0006466338401667079
