rmax_increase,simulation_run,mean,std,cv,taylor
0.68,10,1.9978699685569568,0.036283494494902556,0.018161089092855125,0.0006589477761220437
