rmax_increase,simulation_run,mean,std,cv,taylor
1.1,10,1.2084533497552825,0.4852128319184588,0.4015155669986903,0.1948205053227802
