rmax_increase,simulation_run,mean,std,cv,taylor
0.82,19,1.7842505177095018,0.06428974525943659,0.03603179296927841,0.002316474791235667
