rmax_increase,simulation_run,mean,std,cv,taylor
0.73,6,1.9506870420765106,0.03594989024050686,0.018429347950267884,0.0006625330360162406
