rmax_increase,simulation_run,mean,std,cv,taylor
0.9,4,1.60181313305859,0.21522823636913038,0.13436538378116664,0.02891922458028185
