rmax_increase,simulation_run,mean,std,cv,taylor
0.8,15,1.823844658097833,0.05272327613350517,0.02890776684265017,0.00152411217364803
