rmax_increase,simulation_run,mean,std,cv,taylor
1.04,11,1.2986032539923713,0.44920441847720044,0.345913516769795,0.15538588014397905
