rmax_increase,simulation_run,mean,std,cv,taylor
1.03,10,1.3180430225814248,0.4355445128597238,0.3304478726397697,0.14392475771442054
