rmax_increase,simulation_run,mean,std,cv,taylor
0.75,10,1.918395728824242,0.04237966981094982,0.022091203172623686,0.000936217896182399
