rmax_increase,simulation_run,mean,std,cv,taylor
0.63,14,1.9356281975502767,0.04463442180189387,0.023059398420824318,0.001029242915612998
