rmax_increase,simulation_run,mean,std,cv,taylor
0.63,15,1.934779144967381,0.041205728972139435,0.021297381191709163,0.0008775741172019077
