rmax_increase,simulation_run,mean,std,cv,taylor
0.59,20,1.68484065598659,0.04141694417755331,0.0245821134659769,0.0010181160211866467
