rmax_increase,simulation_run,mean,std,cv,taylor
0.92,3,1.5513434821919665,0.27079471743453726,0.1745549715733608,0.04726856420400192
