rmax_increase,simulation_run,mean,std,cv,taylor
0.86,1,1.69981123429355,0.11167346909244535,0.06569757090637032,0.0073366756540612825
