rmax_increase,simulation_run,mean,std,cv,taylor
0.71,19,1.9756306821105154,0.03865456084040445,0.019565681577242353,0.000756302828911495
