rmax_increase,simulation_run,mean,std,cv,taylor
1.05,8,1.2851728774247024,0.450251936371853,0.3503434785163625,0.1577428295972429
