rmax_increase,simulation_run,mean,std,cv,taylor
1.01,20,1.3500176181372874,0.4229965159646577,0.3133266635055439,0.13253608702167574
