rmax_increase,simulation_run,mean,std,cv,taylor
1.04,14,1.2977303915495664,0.44659075032421663,0.3441321504314629,0.15368623527187322
