rmax_increase,simulation_run,mean,std,cv,taylor
0.69,15,1.9933192580560701,0.035854247540417584,0.01798720771673247,0.0006449177980366353
