rmax_increase,simulation_run,mean,std,cv,taylor
0.68,2,1.9995037693245974,0.03489062424644783,0.017449641646953916,0.0006088288899390362
