rmax_increase,simulation_run,mean,std,cv,taylor
0.72,8,1.963714709691949,0.03832287022210769,0.019515497863800926,0.0007478898919542628
