rmax_increase,simulation_run,mean,std,cv,taylor
1.05,19,1.2818813991353786,0.4559879343169776,0.35571772445137184,0.16220299037251687
