rmax_increase,simulation_run,mean,std,cv,taylor
1.02,6,1.332838146395485,0.43403734471296423,0.32564895136500316,0.14134380615902717
