rmax_increase,simulation_run,mean,std,cv,taylor
0.75,2,1.917525255219307,0.0415928039498029,0.02169087673635148,0.0009021843835944078
