rmax_increase,simulation_run,mean,std,cv,taylor
0.82,3,1.7841909562307072,0.05732785283532908,0.03213100740990205,0.001842001664245733
