rmax_increase,simulation_run,mean,std,cv,taylor
0.73,2,1.9505935827947816,0.0379769152811579,0.019469414652100486,0.0007393883108165546
