rmax_increase,simulation_run,mean,std,cv,taylor
0.86,10,1.7030125191680097,0.09563537940288873,0.05615659211337476,0.005370556992735864
