rmax_increase,simulation_run,mean,std,cv,taylor
0.86,13,1.6999777230683277,0.1074845546584113,0.06322703715458695,0.006795929930931603
