rmax_increase,simulation_run,mean,std,cv,taylor
0.74,2,1.9335758219552743,0.04303809191905113,0.022258290277714615,0.0009579543429332037
