rmax_increase,simulation_run,mean,std,cv,taylor
1.0,4,1.3708747315701837,0.41009223048273374,0.29914639247381775,0.12267761133045119
