rmax_increase,simulation_run,mean,std,cv,taylor
0.86,20,1.7029045859565974,0.08733505772014398,0.05128593723945137,0.004479060289039168
