rmax_increase,simulation_run,mean,std,cv,taylor
0.62,15,1.8991118834533596,0.04620294190377583,0.0243287098071126,0.0011240579658118447
