rmax_increase,simulation_run,mean,std,cv,taylor
0.82,15,1.7835838544209768,0.06011833152158438,0.03370647888102868,0.0020263772717949644
