rmax_increase,simulation_run,mean,std,cv,taylor
0.76,8,1.8995588358326445,0.04350548724676263,0.022902942739171653,0.000996403683252367
