rmax_increase,simulation_run,mean,std,cv,taylor
0.76,3,1.8995224775651414,0.03862417094558797,0.0203336214242105,0.0007853692698315763
