rmax_increase,simulation_run,mean,std,cv,taylor
0.63,16,1.939575901182933,0.037354160295274864,0.01925893195130587,0.0007194012312248701
