rmax_increase,simulation_run,mean,std,cv,taylor
1.07,16,1.249990258121844,0.4721411130138068,0.3777158341403524,0.17833517433396442
