rmax_increase,simulation_run,mean,std,cv,taylor
0.61,19,1.838984449024531,0.04326954731133526,0.023529044704150223,0.0010180911130167505
