rmax_increase,simulation_run,mean,std,cv,taylor
0.67,10,1.9934321591391069,0.04047310913564319,0.02030322875553593,0.0008217347932287348
