rmax_increase,simulation_run,mean,std,cv,taylor
1.04,15,1.2975177064296275,0.4483268224583049,0.34552655446372554,0.1549088222376885
