rmax_increase,simulation_run,mean,std,cv,taylor
0.96,4,1.4556996760582854,0.3572116522475661,0.24538828861652062,0.08765555601890995
