rmax_increase,simulation_run,mean,std,cv,taylor
0.9,5,1.6082462132075461,0.20005223977985367,0.12439155033411335,0.024884808254027783
