rmax_increase,simulation_run,mean,std,cv,taylor
0.93,11,1.5261290519992825,0.28928420993343695,0.18955422515184053,0.054835044262595015
