rmax_increase,simulation_run,mean,std,cv,taylor
0.62,10,1.8880510834081066,0.0403434989299855,0.021367800524317252,0.0008620518375889366
