rmax_increase,simulation_run,mean,std,cv,taylor
0.74,16,1.9343393552935635,0.0386713152694625,0.019992001488070628,0.0007731169924127427
