rmax_increase,simulation_run,mean,std,cv,taylor
0.89,14,1.628870605812563,0.18167684720022473,0.11153546914771363,0.020263412385754544
