rmax_increase,simulation_run,mean,std,cv,taylor
1.1,4,1.2076039784859518,0.48483374570087767,0.4014840579680301,0.19465301966382834
