rmax_increase,simulation_run,mean,std,cv,taylor
0.67,6,1.9994983207754675,0.03714491310414134,0.018577116428752684,0.000690045375471535
