rmax_increase,simulation_run,mean,std,cv,taylor
0.76,10,1.898857136702046,0.04339033812782544,0.022850764962332137,0.0009915024181950578
