rmax_increase,simulation_run,mean,std,cv,taylor
0.61,16,1.8554790325467734,0.03903770565406803,0.021039152137702185,0.0008213202283627741
