rmax_increase,simulation_run,mean,std,cv,taylor
1.05,11,1.2819841120107462,0.45686887767401296,0.3563763960829674,0.16281728410793483
