rmax_increase,simulation_run,mean,std,cv,taylor
0.73,14,1.952694400300256,0.03530979826886076,0.018082603331802127,0.0006384930758217626
