rmax_increase,simulation_run,mean,std,cv,taylor
0.96,7,1.4552167855849842,0.3510046918974045,0.2412044001789766,0.08466387616911994
