rmax_increase,simulation_run,mean,std,cv,taylor
0.93,20,1.5249305257004508,0.2935945704458252,0.19252980086484106,0.05652570418293328
