rmax_increase,simulation_run,mean,std,cv,taylor
1.1,20,1.2084300222561954,0.4824604451432697,0.399245662767045,0.19262024018010826
