rmax_increase,simulation_run,mean,std,cv,taylor
0.75,15,1.91887857094575,0.041696021204232055,0.021729369349140996,0.0009060282451363729
