rmax_increase,simulation_run,mean,std,cv,taylor
0.65,15,1.9819814522645227,0.03792142965038366,0.019133090073601016,0.0007255541292205149
