rmax_increase,simulation_run,mean,std,cv,taylor
0.72,19,1.9646265936171787,0.03899895330480155,0.019850567752418793,0.0007741513648503799
