rmax_increase,simulation_run,mean,std,cv,taylor
0.69,11,1.9958809183792576,0.036874597761203026,0.018475349617123854,0.0006812710856290385
