rmax_increase,simulation_run,mean,std,cv,taylor
0.83,17,1.765103523577547,0.06138283438524424,0.03477577012640726,0.002134635338288581
