rmax_increase,simulation_run,mean,std,cv,taylor
0.85,10,1.7239654529477693,0.07470700101011916,0.0433343956413856,0.0032373827389538977
