rmax_increase,simulation_run,mean,std,cv,taylor
1.06,6,1.2674020037993698,0.45820025205288006,0.36152716397741574,0.1656518376584148
