rmax_increase,simulation_run,mean,std,cv,taylor
0.72,2,1.96519468110148,0.03790195739938725,0.01928661712952705,0.0007310005408216267
