rmax_increase,simulation_run,mean,std,cv,taylor
0.97,2,1.4333181754908644,0.3668206117921805,0.25592406352243213,0.09387822155363942
