rmax_increase,simulation_run,mean,std,cv,taylor
0.63,3,1.9394074051258896,0.04065583543812372,0.020963019595918626,0.0008522690749778305
