rmax_increase,simulation_run,mean,std,cv,taylor
0.84,9,1.742735252395944,0.07891521661076956,0.04528238956678904,0.0035734695813164083
