rmax_increase,simulation_run,mean,std,cv,taylor
0.83,2,1.7658365112646726,0.05375024910918181,0.03043897255849947,0.0016361023576468958
