rmax_increase,simulation_run,mean,std,cv,taylor
0.7,18,1.9848296758373014,0.033898539587212166,0.01707881537639347,0.0005789468991393618
