rmax_increase,simulation_run,mean,std,cv,taylor
0.91,4,1.5723488398466599,0.2571197291166681,0.1635258808991414,0.042045730200351766
