rmax_increase,simulation_run,mean,std,cv,taylor
0.7,11,1.9870729918333698,0.03734614123023353,0.018794549261009368,0.0007019038910602371
