rmax_increase,simulation_run,mean,std,cv,taylor
0.6,19,1.7785269956875787,0.04907307403596369,0.02759197591880917,0.0013540230770622498
