rmax_increase,simulation_run,mean,std,cv,taylor
1.05,10,1.2818186467817783,0.4580054400275198,0.3573090789226851,0.1636495019178122
