rmax_increase,simulation_run,mean,std,cv,taylor
1.0,10,1.3702271891949687,0.40920162783238323,0.29863779602329743,0.12220307226500854
