rmax_increase,simulation_run,mean,std,cv,taylor
0.73,10,1.9486043391383083,0.03861027045178128,0.01981432026824651,0.0007650362643752093
