rmax_increase,simulation_run,mean,std,cv,taylor
0.64,19,1.9645511158531848,0.03833487643848847,0.0195133005851263,0.0007480399668379013
