rmax_increase,simulation_run,mean,std,cv,taylor
1.09,12,1.2234666994048398,0.4759176793060569,0.38899111805623227,0.18512775017599048
