rmax_increase,simulation_run,mean,std,cv,taylor
0.99,6,1.3903706108519516,0.3962049364966096,0.2849635438236388,0.11290396278449366
