rmax_increase,simulation_run,mean,std,cv,taylor
0.79,17,1.843720737549317,0.04565957522691283,0.024764908425125038,0.001130755199224604
