rmax_increase,simulation_run,mean,std,cv,taylor
0.78,20,1.8635410531156613,0.04763675629874358,0.025562493629587343,0.0012177142794208375
