rmax_increase,simulation_run,mean,std,cv,taylor
0.64,8,1.9576317563655405,0.04077662858969002,0.020829570452715912,0.0008493596580331782
