rmax_increase,simulation_run,mean,std,cv,taylor
0.88,3,1.653234996203346,0.1568541335236244,0.09487709483760016,0.014881864501990512
