rmax_increase,simulation_run,mean,std,cv,taylor
0.72,18,1.9625419082848916,0.0368707548453651,0.018787244588110357,0.0006926998894281293
