rmax_increase,simulation_run,mean,std,cv,taylor
0.97,13,1.4324359466874639,0.3673542423345292,0.2564542192508105,0.09420954540637473
