rmax_increase,simulation_run,mean,std,cv,taylor
0.67,8,1.9967036997908378,0.03931632705102851,0.01969061661735141,0.0007741627227642048
