rmax_increase,simulation_run,mean,std,cv,taylor
0.69,14,1.9923612862981737,0.037266997353593706,0.01870493951568199,0.000697076931430051
