rmax_increase,simulation_run,mean,std,cv,taylor
0.73,4,1.9494747830876262,0.03292140200736697,0.016887318724495243,0.0005559542085556435
