rmax_increase,simulation_run,mean,std,cv,taylor
0.68,1,1.9985149425152904,0.03582117943713158,0.017923898728546793,0.0006420551925682493
