rmax_increase,simulation_run,mean,std,cv,taylor
0.97,7,1.4299483496572043,0.37573598055325563,0.2627619246830344,0.09872910942284062
