rmax_increase,simulation_run,mean,std,cv,taylor
1.04,8,1.2982072814829966,0.4496156622869422,0.3463358037657341,0.15571800178381098
