rmax_increase,simulation_run,mean,std,cv,taylor
0.84,11,1.7440461652629087,0.07615404815043997,0.043665156156551636,0.0033252784044425134
