rmax_increase,simulation_run,mean,std,cv,taylor
0.98,7,1.4129763142951444,0.3798322264465755,0.26881712212992953,0.10210540600557214
