rmax_increase,simulation_run,mean,std,cv,taylor
0.74,19,1.9343656257398543,0.041273201711576085,0.02133681511001311,0.0008806386739181755
