rmax_increase,simulation_run,mean,std,cv,taylor
0.6,14,1.7700150871270386,0.05232881667061558,0.0295640512056606,0.001547051815581705
