rmax_increase,simulation_run,mean,std,cv,taylor
0.71,9,1.9785921184599478,0.03739550187256679,0.018900056016433475,0.0007067770801541551
