rmax_increase,simulation_run,mean,std,cv,taylor
0.79,12,1.8443825195097476,0.04747716151261879,0.025741493974492134,0.0012221330670030665
