rmax_increase,simulation_run,mean,std,cv,taylor
0.69,3,1.9938940661634788,0.03607372381610484,0.018092096480088107,0.0006526492916770209
