rmax_increase,simulation_run,mean,std,cv,taylor
0.75,3,1.9177178466913076,0.03675897302325094,0.019168082044327964,0.0007045990107749124
