rmax_increase,simulation_run,mean,std,cv,taylor
0.66,14,1.991890534646756,0.037140575322302236,0.01864589176778672,0.0006925191476529779
