rmax_increase,simulation_run,mean,std,cv,taylor
0.96,5,1.4544175135563944,0.35246106282938383,0.24233829663363532,0.08541481359575359
