rmax_increase,simulation_run,mean,std,cv,taylor
1.09,14,1.2215614214113435,0.4780628087243705,0.39135388556396594,0.18709173773790544
