rmax_increase,simulation_run,mean,std,cv,taylor
0.63,6,1.939238607475856,0.03921812780559159,0.02022346690830301,0.0007931265098819799
