rmax_increase,simulation_run,mean,std,cv,taylor
0.8,9,1.8254294454922397,0.0489366595572242,0.026808299645910492,0.001311908633079976
