rmax_increase,simulation_run,mean,std,cv,taylor
0.74,1,1.935632116899054,0.03888727212381794,0.020090218479179103,0.0007812537930267937
