rmax_increase,simulation_run,mean,std,cv,taylor
1.02,1,1.3336675830700626,0.42802899632282193,0.32094129133551563,0.13737217880889113
