rmax_increase,simulation_run,mean,std,cv,taylor
0.79,9,1.8438094453309521,0.04781662027187144,0.025933601974410463,0.0012400571978922405
