rmax_increase,simulation_run,mean,std,cv,taylor
0.63,19,1.932849748175632,0.04081513265586527,0.021116557401520547,0.0008618750915782548
