rmax_increase,simulation_run,mean,std,cv,taylor
0.67,19,1.9965553260560065,0.0367810122594457,0.01842223542690544,0.0006775884670834039
