rmax_increase,simulation_run,mean,std,cv,taylor
0.86,16,1.705475961710563,0.07051609424650174,0.0413468708030193,0.0029156198383436397
