rmax_increase,simulation_run,mean,std,cv,taylor
0.59,4,1.6866994445740366,0.0501100663898503,0.029708948177489453,0.0014887173655466187
