rmax_increase,simulation_run,mean,std,cv,taylor
0.62,1,1.8985766166274054,0.04436232780629184,0.023366098274767662,0.001036574511219273
