rmax_increase,simulation_run,mean,std,cv,taylor
0.9,1,1.5956204840430854,0.23543691125663585,0.1475519483555831,0.034739174970737134
