rmax_increase,simulation_run,mean,std,cv,taylor
0.59,6,1.6824022160853314,0.04593153385621033,0.0273011610523703,0.0012539842031907972
