rmax_increase,simulation_run,mean,std,cv,taylor
0.62,2,1.898350254254112,0.04752598670035347,0.025035415142095094,0.0011898328070810392
