rmax_increase,simulation_run,mean,std,cv,taylor
0.6,8,1.7780419239657126,0.04515966946315039,0.025398540301247274,0.001146989684850831
