rmax_increase,simulation_run,mean,std,cv,taylor
1.02,15,1.3323649401133895,0.4340869519021198,0.32580184214782576,0.1414263285820453
