rmax_increase,simulation_run,mean,std,cv,taylor
0.91,17,1.574976548103087,0.24972579384114238,0.15855842053134944,0.039596127437388925
