rmax_increase,simulation_run,mean,std,cv,taylor
0.86,3,1.7013352254830876,0.10532299449169544,0.061906079950698356,0.0065201337176498605
