rmax_increase,simulation_run,mean,std,cv,taylor
0.59,7,1.6855795681288142,0.04445941707842192,0.02637633839367011,0.0011726766296457727
