rmax_increase,simulation_run,mean,std,cv,taylor
1.05,17,1.2842612124077337,0.45200785310632624,0.3519594368647961,0.15908842943776808
