rmax_increase,simulation_run,mean,std,cv,taylor
0.72,3,1.960230264983311,0.04081232239828596,0.02082016747080141,0.0008497193872046531
