rmax_increase,simulation_run,mean,std,cv,taylor
0.92,16,1.5486255236255373,0.276461081498045,0.17852029253063906,0.04935391314236784
