rmax_increase,simulation_run,mean,std,cv,taylor
0.69,6,1.9953206232315557,0.03680274363675642,0.01844452626222642,0.00067880917153014
