rmax_increase,simulation_run,mean,std,cv,taylor
1.02,12,1.3334628548472798,0.431192236261285,0.3233627653697703,0.13943151392342445
