rmax_increase,simulation_run,mean,std,cv,taylor
0.68,12,1.998154176223485,0.04014722312388822,0.020092154850516363,0.0008066442238233934
