rmax_increase,simulation_run,mean,std,cv,taylor
0.92,2,1.5522696578514765,0.2675867753300577,0.172384207844679,0.046127734294984096
