rmax_increase,simulation_run,mean,std,cv,taylor
0.58,5,1.5704198362108064,0.03844554668376907,0.02448106283255601,0.0009411878439973162
