rmax_increase,simulation_run,mean,std,cv,taylor
0.84,5,1.741865364597868,0.08224387549240528,0.047215977287310223,0.0038832249572697776
