rmax_increase,simulation_run,mean,std,cv,taylor
0.71,5,1.9769871468493105,0.03980237825905384,0.020132846246616317,0.000801335161739195
