rmax_increase,simulation_run,mean,std,cv,taylor
0.85,13,1.721573408538234,0.09112824827875142,0.05293311794129491,0.004823702313922753
