rmax_increase,simulation_run,mean,std,cv,taylor
0.93,15,1.5241215125479008,0.30058842826016474,0.19722077654928297,0.059282283243198126
