rmax_increase,simulation_run,mean,std,cv,taylor
0.95,20,1.4751646609188012,0.3399919436832498,0.23047728344542026,0.07836041957344374
