rmax_increase,simulation_run,mean,std,cv,taylor
0.72,5,1.9646281443057065,0.03696499445018858,0.018815262601896553,0.0006955060776579467
