rmax_increase,simulation_run,mean,std,cv,taylor
0.82,14,1.7836444647698262,0.06329466603653255,0.03548614496146267,0.0022460836942597624
