rmax_increase,simulation_run,mean,std,cv,taylor
0.62,11,1.8984878517130188,0.040471975985036754,0.021318006300919234,0.0008627818390596654
