rmax_increase,simulation_run,mean,std,cv,taylor
0.98,13,1.4110176762373192,0.3801490286610027,0.269414788392109,0.10241777011416982
