rmax_increase,simulation_run,mean,std,cv,taylor
1.07,20,1.2511220299648806,0.46856773999992896,0.37451801565118453,0.17548706018293359
