rmax_increase,simulation_run,mean,std,cv,taylor
0.74,11,1.9354494445078578,0.04001497352322575,0.020674770729235285,0.0008273004033291126
