rmax_increase,simulation_run,mean,std,cv,taylor
0.61,12,1.8383427174782356,0.04299240335370607,0.023386500756878082,0.001005441873571455
