rmax_increase,simulation_run,mean,std,cv,taylor
1.01,2,1.3522736327906366,0.41783954395501166,0.30899038021818986,0.1291083995568541
