rmax_increase,simulation_run,mean,std,cv,taylor
1.03,8,1.3149235521708376,0.43869785589333754,0.3336299324543097,0.1463627360295447
