rmax_increase,simulation_run,mean,std,cv,taylor
0.81,11,1.8047096408229968,0.05239374368268149,0.029031674956193236,0.0015210781363337118
