rmax_increase,simulation_run,mean,std,cv,taylor
0.82,2,1.7860081141619115,0.0538201332072699,0.030134316177239277,0.0016218329107690061
