rmax_increase,simulation_run,mean,std,cv,taylor
0.9,18,1.6038782302440668,0.2171608356049109,0.13539733348202182,0.02940299807763264
