rmax_increase,simulation_run,mean,std,cv,taylor
0.75,7,1.9178380862816207,0.038097556482190154,0.019864845085048436,0.0007568020576375903
