rmax_increase,simulation_run,mean,std,cv,taylor
1.1,14,1.2071028956675836,0.4872314135593545,0.4036370182758058,0.19666463497940387
