rmax_increase,simulation_run,mean,std,cv,taylor
0.93,3,1.5274963691095187,0.2925401958555569,0.19151613173790943,0.056026166688106664
