rmax_increase,simulation_run,mean,std,cv,taylor
0.81,18,1.8064230979374827,0.04924569698836273,0.027261441156609393,0.001342508670664467
