rmax_increase,simulation_run,mean,std,cv,taylor
0.81,8,1.8038856769777944,0.057628264581925055,0.03194673881910004,0.0018410351171967527
