rmax_increase,simulation_run,mean,std,cv,taylor
0.77,1,1.8827630939827995,0.04197175089980484,0.02229263524122822,0.0009356609332450416
