rmax_increase,simulation_run,mean,std,cv,taylor
0.96,17,1.453923247225401,0.3499460168317625,0.24069084630126325,0.08422880295099303
