rmax_increase,simulation_run,mean,std,cv,taylor
0.77,16,1.881464024893761,0.04855555562556319,0.02580732609453159,0.001253089057730077
