rmax_increase,simulation_run,mean,std,cv,taylor
0.74,6,1.9346847891044938,0.03813888045876291,0.01971322701948581,0.0007518404087526242
