rmax_increase,simulation_run,mean,std,cv,taylor
1.04,4,1.3031102967640065,0.44168726934801605,0.33894849150133427,0.14970923366085356
