rmax_increase,simulation_run,mean,std,cv,taylor
0.59,3,1.6743588398253222,0.04891859790119395,0.029216316561088775,0.0014292212420058954
