rmax_increase,simulation_run,mean,std,cv,taylor
0.77,9,1.8803954228050315,0.04405124614096878,0.023426586560850306,0.0010319703308347282
