rmax_increase,simulation_run,mean,std,cv,taylor
1.01,3,1.3547519612729229,0.41848113923827485,0.3088987144518105,0.12926828593303222
