rmax_increase,simulation_run,mean,std,cv,taylor
1.04,3,1.304316459673088,0.4424012457015505,0.33918244488951194,0.15005473613921755
