rmax_increase,simulation_run,mean,std,cv,taylor
0.73,20,1.9484988731268473,0.03796220464745679,0.01948279527949486,0.0007396098615046888
