rmax_increase,simulation_run,mean,std,cv,taylor
0.83,1,1.7647908272913828,0.06450702585281454,0.03655222185839469,0.002357875120397279
