rmax_increase,simulation_run,mean,std,cv,taylor
0.65,11,1.9872587643519624,0.032723788056452395,0.01646679770317858,0.0005388559980072929
