rmax_increase,simulation_run,mean,std,cv,taylor
0.67,12,1.9925542376297163,0.03766682357965277,0.018903788347794295,0.0007120456606834634
