rmax_increase,simulation_run,mean,std,cv,taylor
1.08,5,1.2364692448939802,0.4724246607134759,0.3820755450767265,0.18050190974978886
