rmax_increase,simulation_run,mean,std,cv,taylor
0.89,7,1.6365789821791477,0.14808081846163268,0.09048192606290177,0.013398637667379427
