rmax_increase,simulation_run,mean,std,cv,taylor
0.58,16,1.5770287577382778,0.04960353926990228,0.03145379500944677,0.0015602195559385494
