rmax_increase,simulation_run,mean,std,cv,taylor
1.03,14,1.3144714418289998,0.44070989564635155,0.33527536743828606,0.1477591721965192
