rmax_increase,simulation_run,mean,std,cv,taylor
0.84,15,1.743031228255172,0.08036112214207736,0.046104235448794176,0.0037049880961676413
