rmax_increase,simulation_run,mean,std,cv,taylor
0.72,13,1.9661565723550936,0.039233073345318246,0.019954195864637703,0.000782864429904177
