rmax_increase,simulation_run,mean,std,cv,taylor
0.9,8,1.607724571189802,0.20090443794087828,0.12496197516730012,0.02510541538496842
