rmax_increase,simulation_run,mean,std,cv,taylor
1.02,8,1.3332727656484626,0.4296425144455144,0.32224652412857885,0.13845080689792974
