rmax_increase,simulation_run,mean,std,cv,taylor
0.75,14,1.917422564366512,0.042826956004532776,0.022335690004087423,0.0009565696131359347
