rmax_increase,simulation_run,mean,std,cv,taylor
0.62,8,1.9029635540499323,0.044308215129154734,0.023283795969111933,0.0010316634408227574
