rmax_increase,simulation_run,mean,std,cv,taylor
0.62,13,1.8951620186222027,0.04302208887565573,0.022701008384989226,0.0009766448003060125
