rmax_increase,simulation_run,mean,std,cv,taylor
0.66,3,1.9929476287243613,0.03910391370995783,0.0196211446534535,0.0007672635474192461
