rmax_increase,simulation_run,mean,std,cv,taylor
1.0,18,1.3702405885681768,0.41260783367168613,0.30112072078001845,0.1242447682747001
