rmax_increase,simulation_run,mean,std,cv,taylor
0.99,12,1.3954740404422257,0.39321756378573575,0.2817806368229717,0.11080109553352212
