rmax_increase,simulation_run,mean,std,cv,taylor
0.87,18,1.678747363383714,0.11865051494671937,0.07067800524050576,0.00838598171719294
