rmax_increase,simulation_run,mean,std,cv,taylor
0.78,14,1.8639505513022374,0.045499899553923785,0.024410464924692107,0.0011106737021380707
