rmax_increase,simulation_run,mean,std,cv,taylor
1.05,13,1.28163592607027,0.45607404175072436,0.35585304100293963,0.16229533467949692
