rmax_increase,simulation_run,mean,std,cv,taylor
0.65,5,1.9817855634592434,0.0407375056499236,0.020555960443477815,0.0008373985547057836
