rmax_increase,simulation_run,mean,std,cv,taylor
1.07,12,1.2508770044025064,0.4681853107808171,0.37428564849543333,0.17523504266163412
