rmax_increase,simulation_run,mean,std,cv,taylor
0.95,12,1.477561294269509,0.3301274328071155,0.22342723383961344,0.07375945912666666
