rmax_increase,simulation_run,mean,std,cv,taylor
0.71,17,1.9782796655788872,0.0354488461722389,0.017919026712467274,0.0006352088214864921
