rmax_increase,simulation_run,mean,std,cv,taylor
0.88,1,1.658519587096239,0.13644523820237214,0.08226929561999477,0.011225253637611557
