rmax_increase,simulation_run,mean,std,cv,taylor
0.74,5,1.934854472426827,0.0449054692482842,0.023208706333329908,0.001042197848543805
