rmax_increase,simulation_run,mean,std,cv,taylor
1.03,20,1.3165313195538566,0.4378180917742383,0.3325542547082018,0.14559826920774893
