rmax_increase,simulation_run,mean,std,cv,taylor
0.61,10,1.8492325356165042,0.041423479128526335,0.02240036249130584,0.0009279009481300317
