rmax_increase,simulation_run,mean,std,cv,taylor
0.98,12,1.4125226443779804,0.38010992400538907,0.2691000569217597,0.10228760218637596
