rmax_increase,simulation_run,mean,std,cv,taylor
0.64,11,1.9629654390505589,0.045343778427278256,0.023099631570288878,0.0010474245756749406
