rmax_increase,simulation_run,mean,std,cv,taylor
0.76,20,1.8998596395391023,0.03872837177088291,0.0203848594732389,0.0007894724161768004
