rmax_increase,simulation_run,mean,std,cv,taylor
0.7,3,1.9880647398037967,0.034790287836706714,0.017499574908279993,0.0006088152480790715
