rmax_increase,simulation_run,mean,std,cv,taylor
0.65,10,1.9793768552815254,0.03759833486998139,0.018995036124454332,0.0007141817290746274
