rmax_increase,simulation_run,mean,std,cv,taylor
0.84,16,1.743128506006701,0.08344521172875533,0.04787094665781029,0.003994601279516932
