rmax_increase,simulation_run,mean,std,cv,taylor
1.09,3,1.2212716456346866,0.48069899465922733,0.39360530179951186,0.18920567286756712
