rmax_increase,simulation_run,mean,std,cv,taylor
0.75,6,1.9162404892392544,0.04138295061771702,0.021595906594242778,0.0008937023361343782
