rmax_increase,simulation_run,mean,std,cv,taylor
0.88,7,1.656746517727822,0.1411236011252741,0.08518116659078354,0.01202107297734326
