rmax_increase,simulation_run,mean,std,cv,taylor
1.1,5,1.2070633774011883,0.48644407578041016,0.4029979575950071,0.19603596902369616
