rmax_increase,simulation_run,mean,std,cv,taylor
1.1,1,1.2078382521668458,0.48513649655597746,0.40165684079441016,0.19485839256074217
