rmax_increase,simulation_run,mean,std,cv,taylor
0.7,2,1.9849984801793783,0.03769867217063074,0.018991788934379448,0.0007159652249709834
