rmax_increase,simulation_run,mean,std,cv,taylor
0.9,3,1.603377573662904,0.21158571966330733,0.13196250411557234,0.027921381401865526
