rmax_increase,simulation_run,mean,std,cv,taylor
0.91,2,1.5745404502977203,0.24940485108543592,0.15839850353687482,0.03950535518677016
