rmax_increase,simulation_run,mean,std,cv,taylor
0.58,13,1.574889935122222,0.05020035289247027,0.0318754674678738,0.0016001597154997203
