rmax_increase,simulation_run,mean,std,cv,taylor
0.99,8,1.3909849037060893,0.3942658350682514,0.2834436477475665,0.11175214647398558
