rmax_increase,simulation_run,mean,std,cv,taylor
0.74,9,1.9341793312157955,0.04037159732610523,0.02087272709130247,0.000842665333227751
