rmax_increase,simulation_run,mean,std,cv,taylor
0.81,17,1.8046273057392717,0.060740853060623747,0.03365839188371421,0.0020444394356655756
