rmax_increase,simulation_run,mean,std,cv,taylor
0.94,18,1.4983061329525007,0.32300036642637703,0.21557701682091213,0.06963145542625986
