rmax_increase,simulation_run,mean,std,cv,taylor
0.87,9,1.6788788165730983,0.12448018172830541,0.07414482838159364,0.009229561711154794
