rmax_increase,simulation_run,mean,std,cv,taylor
0.77,17,1.8828476219181172,0.04021954475887635,0.021361019495514676,0.0008591304796950828
