rmax_increase,simulation_run,mean,std,cv,taylor
0.94,10,1.500475040113721,0.3209985140949671,0.21393125877697947,0.0686716161858763
