rmax_increase,simulation_run,mean,std,cv,taylor
1.0,17,1.3701399555416727,0.40730503370671933,0.297272575738947,0.12108061648143507
