rmax_increase,simulation_run,mean,std,cv,taylor
1.09,8,1.2214684704252357,0.4808742210133964,0.3936853325784065,0.1893131276280411
