rmax_increase,simulation_run,mean,std,cv,taylor
0.72,14,1.9647196213742435,0.04094450307315442,0.020839870802794428,0.0008532781541291575
