rmax_increase,simulation_run,mean,std,cv,taylor
1.1,11,1.205451588292837,0.4890008866608362,0.4056578392777766,0.19836704308775174
