rmax_increase,simulation_run,mean,std,cv,taylor
0.85,18,1.723612422272017,0.08783190643464396,0.05095803749132095,0.004475741581030781
