rmax_increase,simulation_run,mean,std,cv,taylor
0.67,5,1.998983487279919,0.037188849508106615,0.018603880294534438,0.0006918569045402714
