rmax_increase,simulation_run,mean,std,cv,taylor
0.69,1,1.9941970786966188,0.03648149000109553,0.0182938238105029,0.0006673859504246649
