rmax_increase,simulation_run,mean,std,cv,taylor
0.6,17,1.7598589917538894,0.052242916597674674,0.029685853720364818,0.0015508755800437896
