rmax_increase,simulation_run,mean,std,cv,taylor
0.8,19,1.8241578253735178,0.05402269877217597,0.02961514514848198,0.0015998900654507105
