rmax_increase,simulation_run,mean,std,cv,taylor
0.89,5,1.6361021280796586,0.15257496329521167,0.09325515851158596,0.014228402386994373
