rmax_increase,simulation_run,mean,std,cv,taylor
0.95,2,1.4764203910567129,0.3355120509267981,0.2272469636420175,0.07624409483842082
