rmax_increase,simulation_run,mean,std,cv,taylor
1.0,9,1.3741685486669672,0.4015744629373033,0.29223086449392005,0.11735245246284981
