rmax_increase,simulation_run,mean,std,cv,taylor
0.73,3,1.9502511891643077,0.036402837446864185,0.018665717344063245,0.0006794850743050478
