rmax_increase,simulation_run,mean,std,cv,taylor
1.01,6,1.35068449983585,0.4209259463916455,0.3116389848575304,0.13117693463368765
