rmax_increase,simulation_run,mean,std,cv,taylor
0.83,13,1.7649517635426006,0.06519588757060889,0.0369391894539645,0.0024082832425900915
