rmax_increase,simulation_run,mean,std,cv,taylor
0.89,17,1.6269623912144338,0.19060749481506442,0.11715544000546128,0.02233070492339755
