rmax_increase,simulation_run,mean,std,cv,taylor
1.05,15,1.2803370944826846,0.458829839862523,0.35836643477701585,0.1644292138808415
