rmax_increase,simulation_run,mean,std,cv,taylor
0.6,18,1.7719203376368107,0.04513828036507698,0.025474215407041024,0.0011498622771233813
