rmax_increase,simulation_run,mean,std,cv,taylor
1.1,17,1.2069430518781898,0.4858010842818217,0.40250539039587674,0.19553755508359488
