rmax_increase,simulation_run,mean,std,cv,taylor
0.82,1,1.783768525450607,0.0636549187379701,0.03568563848377687,0.0022715664177973957
