rmax_increase,simulation_run,mean,std,cv,taylor
0.64,3,1.963391203083589,0.038746736618576395,0.019734598259237898,0.000764651281024107
