rmax_increase,simulation_run,mean,std,cv,taylor
0.58,14,1.5455854609683628,0.04378403712239967,0.028328447845884532,0.0012403338121041714
