rmax_increase,simulation_run,mean,std,cv,taylor
0.78,3,1.861832606127721,0.045884967696304936,0.02464505538536972,0.0011308375702313357
