rmax_increase,simulation_run,mean,std,cv,taylor
0.89,2,1.6275696880709565,0.1899189229367739,0.11668865814395413,0.022161384273637178
