rmax_increase,simulation_run,mean,std,cv,taylor
1.05,14,1.2827378360543766,0.4544067710212012,0.35424757752443686,0.160972497844962
