rmax_increase,simulation_run,mean,std,cv,taylor
1.0,16,1.3688958314386508,0.41472961362104843,0.30296652535290824,0.12564918999972322
