rmax_increase,simulation_run,mean,std,cv,taylor
0.82,9,1.7850974426574624,0.0594861752933526,0.03332376926426825,0.001982303579889497
