rmax_increase,simulation_run,mean,std,cv,taylor
0.83,5,1.766833522879705,0.05495801601711781,0.031105373146612884,0.0017094895956099772
