rmax_increase,simulation_run,mean,std,cv,taylor
0.94,12,1.5004358547590437,0.3190783797500955,0.2126571280858498,0.06785429187194149
