rmax_increase,simulation_run,mean,std,cv,taylor
1.04,16,1.2988520159439694,0.4493621855259341,0.3459687323958536,0.15546526571303781
