rmax_increase,simulation_run,mean,std,cv,taylor
0.82,4,1.7833869063017025,0.06600539802212653,0.03701126087047773,0.0024429430050566395
