rmax_increase,simulation_run,mean,std,cv,taylor
0.71,14,1.973899418213882,0.03864432109367575,0.019577654634826202,0.0007565651719693131
