rmax_increase,simulation_run,mean,std,cv,taylor
0.84,6,1.7438575110263665,0.07269748785614882,0.041687745355617915,0.0030305943617402577
