rmax_increase,simulation_run,mean,std,cv,taylor
0.65,3,1.9859649076902548,0.04051504201370478,0.020400683746635364,0.000826534559103236
