rmax_increase,simulation_run,mean,std,cv,taylor
0.96,13,1.4538199509156393,0.35347791572701037,0.24313734001544296,0.0859436801840682
