rmax_increase,simulation_run,mean,std,cv,taylor
1.08,17,1.2359311685604908,0.4750814814516207,0.384391536953434,0.1826173008333028
