rmax_increase,simulation_run,mean,std,cv,taylor
0.81,4,1.8056213273287016,0.04901537460115372,0.027145987843236626,0.001330570763054608
