rmax_increase,simulation_run,mean,std,cv,taylor
1.08,10,1.2365592735585957,0.471529577543326,0.3813238779782456,0.17980548709026492
