rmax_increase,simulation_run,mean,std,cv,taylor
1.09,17,1.221650203621204,0.4819296781335053,0.3944907279554932,0.19011678955024305
