rmax_increase,simulation_run,mean,std,cv,taylor
0.93,13,1.5209410511353245,0.3064265381239012,0.20147167301136717,0.06173626729090386
