rmax_increase,simulation_run,mean,std,cv,taylor
0.66,1,1.987948304260892,0.03865153287427111,0.019442926554693044,0.000751498914900757
