rmax_increase,simulation_run,mean,std,cv,taylor
0.64,12,1.9652551459912544,0.04135519837743557,0.021043170125666526,0.0008702444750370651
