rmax_increase,simulation_run,mean,std,cv,taylor
0.66,6,1.9922735861847274,0.03977079771470631,0.019962518195539982,0.0007939252730309647
