rmax_increase,simulation_run,mean,std,cv,taylor
0.89,20,1.6293134193635275,0.1761772651854166,0.10812975765843641,0.019050004989425183
