rmax_increase,simulation_run,mean,std,cv,taylor
0.62,14,1.9022946963888094,0.04343397261240252,0.02283241008601596,0.0009917022743511602
