rmax_increase,simulation_run,mean,std,cv,taylor
0.6,4,1.793553081544779,0.05305771069546575,0.0295824591094719,0.0015695775570908055
