rmax_increase,simulation_run,mean,std,cv,taylor
1.08,4,1.2372125972481984,0.4689018358651728,0.3789985948317223,0.1777131369069154
