rmax_increase,simulation_run,mean,std,cv,taylor
0.67,4,1.9972334687218665,0.038124430306224616,0.01908861978495805,0.0007277427546336535
