rmax_increase,simulation_run,mean,std,cv,taylor
0.65,19,1.9857599654552773,0.0386264096872625,0.01945170129281289,0.0007513493832504443
