rmax_increase,simulation_run,mean,std,cv,taylor
0.99,17,1.3944469568308724,0.39104126816617446,0.280427495825933,0.10965872359643745
