rmax_increase,simulation_run,mean,std,cv,taylor
0.99,7,1.3901824711769448,0.39700263061994956,0.2855759145659796,0.11337438932439185
