rmax_increase,simulation_run,mean,std,cv,taylor
0.63,1,1.931274695083559,0.041961661399104365,0.021727443281852166,0.0009117196180613254
