rmax_increase,simulation_run,mean,std,cv,taylor
1.07,8,1.2544937859521474,0.4627698728171825,0.3688897290678448,0.17071105300429143
