rmax_increase,simulation_run,mean,std,cv,taylor
0.72,4,1.964691343689169,0.036829447642369346,0.018745665959525946,0.0006903925229777061
