rmax_increase,simulation_run,mean,std,cv,taylor
0.62,6,1.8979116761691706,0.04824655950830935,0.025420866584103825,0.0012264693524027578
