rmax_increase,simulation_run,mean,std,cv,taylor
0.73,9,1.950432454327194,0.037234071997252226,0.019090162243068396,0.0007108044753976348
