rmax_increase,simulation_run,mean,std,cv,taylor
0.99,14,1.3905846165637246,0.39859627889337546,0.286639355955445,0.11425338066823407
