rmax_increase,simulation_run,mean,std,cv,taylor
0.96,20,1.4496391655688476,0.3629947078927006,0.25040349109928967,0.0908951421068991
