rmax_increase,simulation_run,mean,std,cv,taylor
0.77,20,1.8813771372478272,0.04377415321032184,0.023267080450630365,0.0010184967444027777
