rmax_increase,simulation_run,mean,std,cv,taylor
1.08,9,1.2368904018684854,0.4702892166087408,0.38021898779253777,0.17881288990872096
