rmax_increase,simulation_run,mean,std,cv,taylor
1.09,18,1.2223256697132296,0.47772333258636424,0.3908314653151669,0.18670931008997355
