rmax_increase,simulation_run,mean,std,cv,taylor
1.01,16,1.3516097938534988,0.4195421128196299,0.3104017999333202,0.1302266269670412
