rmax_increase,simulation_run,mean,std,cv,taylor
0.58,7,1.5833483034505036,0.042792427278564464,0.027026540645105873,0.0011565312751468599
