rmax_increase,simulation_run,mean,std,cv,taylor
0.99,13,1.3937691824974485,0.389772224355728,0.2796533523989303,0.10900110921306734
