rmax_increase,simulation_run,mean,std,cv,taylor
0.62,18,1.8967273251827785,0.042771186003525336,0.022549991997085655,0.0009644899020853582
