rmax_increase,simulation_run,mean,std,cv,taylor
1.06,5,1.2660949353016502,0.4624600507631283,0.365264908553596,0.16892042815168543
