rmax_increase,simulation_run,mean,std,cv,taylor
0.88,16,1.6530437582421198,0.1619128030283874,0.09794828613645942,0.01585908156018068
