rmax_increase,simulation_run,mean,std,cv,taylor
1.05,20,1.2866566894317315,0.4514159727232762,0.35084415013817705,0.15837665330889633
