rmax_increase,simulation_run,mean,std,cv,taylor
0.85,1,1.7250042804282861,0.07372018637377821,0.042736233880808036,0.003150523126606543
