rmax_increase,simulation_run,mean,std,cv,taylor
0.82,20,1.7847305067365147,0.05970582916356753,0.03345369451477757,0.0019973805695894854
