rmax_increase,simulation_run,mean,std,cv,taylor
0.8,6,1.8256036510029692,0.04944194116577066,0.02708251659039339,0.0013390121918832377
