rmax_increase,simulation_run,mean,std,cv,taylor
0.63,9,1.9339572817822073,0.041453725714431525,0.021434664614841187,0.0008885467077244576
