rmax_increase,simulation_run,mean,std,cv,taylor
1.01,9,1.3510563155308701,0.42322352877952774,0.31325380290549226,0.1325763798692691
