rmax_increase,simulation_run,mean,std,cv,taylor
1.1,9,1.2093297627669055,0.48489114464851063,0.4009585801800628,0.1944212649001523
