rmax_increase,simulation_run,mean,std,cv,taylor
1.06,13,1.2667643855171786,0.4605155833804501,0.3635368886633457,0.1674144023631144
