rmax_increase,simulation_run,mean,std,cv,taylor
0.63,10,1.9355640780389043,0.03796874211121544,0.019616370515454607,0.0007448089132593462
