rmax_increase,simulation_run,mean,std,cv,taylor
0.67,18,1.9972696193546238,0.03814582328296897,0.019098985391514143,0.0007285465216287044
