rmax_increase,simulation_run,mean,std,cv,taylor
0.92,7,1.5518093832057387,0.2705311260221779,0.17433270410010848,0.04716242274269349
