rmax_increase,simulation_run,mean,std,cv,taylor
0.89,6,1.6295447665219718,0.18579424530039484,0.11401604246623176,0.0211835245621513
