rmax_increase,simulation_run,mean,std,cv,taylor
0.7,15,1.984982322998157,0.037320295384205095,0.018801323796090928,0.0007016709576841976
