rmax_increase,simulation_run,mean,std,cv,taylor
1.0,8,1.371819589844576,0.4040283292781216,0.29452001725962895,0.11899443051237142
