rmax_increase,simulation_run,mean,std,cv,taylor
0.86,6,1.7045893504354575,0.07626649511546071,0.04474185826397281,0.003412304714745918
