rmax_increase,simulation_run,mean,std,cv,taylor
0.65,4,1.9797666683809079,0.04013802883721769,0.0202741209245852,0.0008137632503202393
