rmax_increase,simulation_run,mean,std,cv,taylor
0.91,15,1.5760415771809866,0.25091288140538953,0.15920448104813903,0.03994645507243829
