rmax_increase,simulation_run,mean,std,cv,taylor
0.77,10,1.8824434964245036,0.0463521720201144,0.02462340681574523,0.0011413483884446802
