rmax_increase,simulation_run,mean,std,cv,taylor
0.82,8,1.7835610901344645,0.07070657382871309,0.03964348304065237,0.0028030548604412223
