rmax_increase,simulation_run,mean,std,cv,taylor
0.91,6,1.5732467719153211,0.2532855884037577,0.16099546042316024,0.04077782992361403
