rmax_increase,simulation_run,mean,std,cv,taylor
0.85,3,1.724382222078996,0.06707620874939599,0.038898689565777224,0.0026091766213920246
