rmax_increase,simulation_run,mean,std,cv,taylor
0.81,10,1.8038826197300706,0.05222730592398743,0.02895271862633868,0.0015121224930289194
