rmax_increase,simulation_run,mean,std,cv,taylor
1.02,11,1.334061764900498,0.4308250393880012,0.32294234849023995,0.13913165000836125
