rmax_increase,simulation_run,mean,std,cv,taylor
0.61,14,1.8532476048839337,0.043820933677388714,0.023645482428740632,0.0010361671172797035
