rmax_increase,simulation_run,mean,std,cv,taylor
0.7,1,1.9855545451416943,0.036389136203488416,0.018326938583745424,0.0006669014643168795
