rmax_increase,simulation_run,mean,std,cv,taylor
1.09,1,1.2211714349423983,0.480748654019533,0.3936782668374564,0.1892602968988497
