rmax_increase,simulation_run,mean,std,cv,taylor
0.88,19,1.658947284790064,0.12720854322110356,0.07668028055346045,0.00975438678299122
