rmax_increase,simulation_run,mean,std,cv,taylor
0.64,6,1.9598391356700424,0.03909312336495275,0.019947108236302944,0.0007797947630558561
