rmax_increase,simulation_run,mean,std,cv,taylor
0.65,20,1.9808324957048533,0.03886081208511888,0.019618424157208086,0.0007623878945794202
