rmax_increase,simulation_run,mean,std,cv,taylor
1.09,5,1.2212828791855888,0.47968373983215223,0.392770379416134,0.18840556449362453
