rmax_increase,simulation_run,mean,std,cv,taylor
0.7,12,1.9851501912879372,0.03951873804405095,0.01990717791403569,0.000786706549181093
