rmax_increase,simulation_run,mean,std,cv,taylor
0.84,17,1.7427883329304596,0.07928157106086396,0.045491222062264886,0.003606615554574996
