rmax_increase,simulation_run,mean,std,cv,taylor
0.98,6,1.4089863441612032,0.38681274637355195,0.27453264396528204,0.10619272598140328
