rmax_increase,simulation_run,mean,std,cv,taylor
0.68,3,1.9941601385693541,0.03795838346292215,0.01903477194672749,0.0007225291726831553
