rmax_increase,simulation_run,mean,std,cv,taylor
0.83,12,1.764452122366503,0.059376758897341377,0.03365166906184147,0.0019981270403780834
