rmax_increase,simulation_run,mean,std,cv,taylor
0.63,20,1.9408872557202668,0.037957756322417054,0.019556909454965153,0.0007423364035111414
