rmax_increase,simulation_run,mean,std,cv,taylor
1.01,4,1.3517571742997334,0.42215382599509527,0.31230004472792133,0.13183865874033138
