rmax_increase,simulation_run,mean,std,cv,taylor
0.76,16,1.90033535145649,0.04011903890688336,0.021111557429131962,0.0008469753938842477
