rmax_increase,simulation_run,mean,std,cv,taylor
0.85,16,1.7250644716256416,0.06285795984490804,0.03643803514524466,0.0022904205499871366
