rmax_increase,simulation_run,mean,std,cv,taylor
0.92,11,1.5481061810957546,0.27520293787715827,0.17776748212604432,0.04892213334011262
