rmax_increase,simulation_run,mean,std,cv,taylor
0.82,6,1.7847631043093162,0.05631441187331231,0.03155287765493414,0.001776881748048194
