rmax_increase,simulation_run,mean,std,cv,taylor
0.93,5,1.5255246081909273,0.30110004917287236,0.19737475721872336,0.05942954910404135
