rmax_increase,simulation_run,mean,std,cv,taylor
0.87,7,1.681933582394095,0.10604743566952426,0.06305090568354929,0.006686386864381434
