rmax_increase,simulation_run,mean,std,cv,taylor
0.6,2,1.7717440818969878,0.0445119453847541,0.025123236385864275,0.0011182841258958577
