rmax_increase,simulation_run,mean,std,cv,taylor
0.85,11,1.722051099695286,0.08443046893904514,0.04902901484978289,0.004139542715386578
