rmax_increase,simulation_run,mean,std,cv,taylor
0.64,1,1.9661578872306567,0.03983301646258645,0.020259317281325486,0.0008069897187878001
