rmax_increase,simulation_run,mean,std,cv,taylor
1.05,1,1.2812071612216234,0.46009204949461957,0.3591082405876693,0.1652228464023877
