rmax_increase,simulation_run,mean,std,cv,taylor
0.74,20,1.9350216608129036,0.03958311607623555,0.020456161746327254,0.0008097186248791208
