rmax_increase,simulation_run,mean,std,cv,taylor
0.75,4,1.9174407412118004,0.04174552681817336,0.021771482122462188,0.0009088619908146271
