rmax_increase,simulation_run,mean,std,cv,taylor
0.61,4,1.849707609867517,0.04464144304773228,0.02413432415457796,0.0010773910572421015
