rmax_increase,simulation_run,mean,std,cv,taylor
0.78,10,1.8640802774453569,0.04449096087774121,0.02386751333408998,0.0010618886019959641
