rmax_increase,simulation_run,mean,std,cv,taylor
0.64,10,1.9670124687898094,0.041452900216503295,0.021074040390809977,0.0008735800934788062
