rmax_increase,simulation_run,mean,std,cv,taylor
0.93,12,1.5217731476863905,0.306807099128558,0.20161158684854474,0.061855866111707354
