rmax_increase,simulation_run,mean,std,cv,taylor
0.68,14,1.9993292941885772,0.03358791826110766,0.016799592922855277,0.0005642633539127458
