rmax_increase,simulation_run,mean,std,cv,taylor
0.76,17,1.9008147507567057,0.04405612828192961,0.02317749705193053,0.0010211107833738968
