rmax_increase,simulation_run,mean,std,cv,taylor
0.81,16,1.8039274261458083,0.0610207105936992,0.03382658842549634,0.002064122462684387
