rmax_increase,simulation_run,mean,std,cv,taylor
1.07,4,1.2513568824601666,0.4683673123256831,0.3742875584820162,0.17530405780316388
