rmax_increase,simulation_run,mean,std,cv,taylor
0.82,17,1.7837862039286483,0.06428341509057661,0.036037623202263516,0.0023166214911889
