rmax_increase,simulation_run,mean,std,cv,taylor
0.91,18,1.5765828655596386,0.24390287590305695,0.15470349274440384,0.037732626792607804
