rmax_increase,simulation_run,mean,std,cv,taylor
0.77,6,1.8833984579663146,0.039280891637223245,0.02085638940133708,0.0008192575720176533
