rmax_increase,simulation_run,mean,std,cv,taylor
0.7,14,1.9856275889023989,0.0379990432903646,0.019137044379691277,0.0007271893778335173
