rmax_increase,simulation_run,mean,std,cv,taylor
0.74,4,1.9341342372517392,0.03662246709424788,0.018934811446327367,0.000693439509128912
