rmax_increase,simulation_run,mean,std,cv,taylor
0.96,18,1.4519810852750585,0.359147897783808,0.24735025919140827,0.08883532560487432
