rmax_increase,simulation_run,mean,std,cv,taylor
0.88,9,1.6610930019439334,0.1198959942680598,0.07217897741291347,0.008653970262173091
