rmax_increase,simulation_run,mean,std,cv,taylor
1.04,10,1.2997400747424168,0.4443475859790123,0.3418741905508094,0.15191097127978104
