rmax_increase,simulation_run,mean,std,cv,taylor
1.06,18,1.271351616751777,0.4593871428396844,0.36133760069727167,0.1659938479848664
