rmax_increase,simulation_run,mean,std,cv,taylor
1.05,3,1.2798429177068382,0.46028858041264514,0.35964458922612813,0.1655402974279834
