rmax_increase,simulation_run,mean,std,cv,taylor
0.83,11,1.7639695810569371,0.07464506676452397,0.04231652720439661,0.00315871999841498
