rmax_increase,simulation_run,mean,std,cv,taylor
0.6,20,1.7794806132961143,0.051180898084764295,0.02876170591707792,0.001472049939285927
