rmax_increase,simulation_run,mean,std,cv,taylor
0.79,11,1.84549866025603,0.04686926741310237,0.025396532884288357,0.0011903168911193591
