rmax_increase,simulation_run,mean,std,cv,taylor
1.07,15,1.2501986444212856,0.47055266892881015,0.37638232214419653,0.17710770622257488
