rmax_increase,simulation_run,mean,std,cv,taylor
0.96,14,1.4574382027946202,0.34992937185657863,0.24009894291613412,0.08401767227807135
