rmax_increase,simulation_run,mean,std,cv,taylor
0.64,20,1.9722869094559086,0.04275011922586288,0.021675405855457554,0.0009266261845897767
