rmax_increase,simulation_run,mean,std,cv,taylor
0.64,14,1.963377136669677,0.04237271796941964,0.021581548026627814,0.0009144688478757854
