rmax_increase,simulation_run,mean,std,cv,taylor
0.58,9,1.5711680332987732,0.049991489387448275,0.03181804130936127,0.001590631274446325
