rmax_increase,simulation_run,mean,std,cv,taylor
0.7,5,1.9850065670188357,0.03782874188507877,0.019057237650297314,0.0007209113241157021
