rmax_increase,simulation_run,mean,std,cv,taylor
0.83,14,1.7632693589840296,0.06713738980593419,0.0380755154984476,0.0025562907260811654
