rmax_increase,simulation_run,mean,std,cv,taylor
1.02,18,1.3332112533583425,0.42793253693195893,0.3209787915110994,0.13735726855269909
