rmax_increase,simulation_run,mean,std,cv,taylor
0.59,12,1.694209143879143,0.05014094553488088,0.02959548749694253,0.0014839457266624435
