rmax_increase,simulation_run,mean,std,cv,taylor
0.98,18,1.409086931036709,0.38908104873184585,0.27612281411593737,0.10743415409501746
