rmax_increase,simulation_run,mean,std,cv,taylor
0.95,19,1.4845492680757464,0.3238282136232451,0.21813234534343684,0.07063740772601394
