rmax_increase,simulation_run,mean,std,cv,taylor
1.01,14,1.355492820092258,0.414342021003998,0.30567629342057073,0.12665453318889036
