rmax_increase,simulation_run,mean,std,cv,taylor
1.07,17,1.2543222552973974,0.46529410231144475,0.3709526003755107,0.17260205719181937
