rmax_increase,simulation_run,mean,std,cv,taylor
0.99,2,1.3899588423899687,0.39742462514466326,0.2859254627002555,0.11363381983296343
