rmax_increase,simulation_run,mean,std,cv,taylor
1.05,12,1.283975953502084,0.45347124449862564,0.3531773654029648,0.1601557794180283
