rmax_increase,simulation_run,mean,std,cv,taylor
0.69,18,1.9925920662129206,0.03681603054066885,0.018476451434758866,0.0006802296003052672
