rmax_increase,simulation_run,mean,std,cv,taylor
1.04,7,1.2988105816607134,0.4443606151453305,0.34212888424203663,0.15202860146077696
