rmax_increase,simulation_run,mean,std,cv,taylor
0.99,5,1.3938764745390857,0.39017904735066744,0.27992369085624197,0.10922035902917122
