rmax_increase,simulation_run,mean,std,cv,taylor
0.88,8,1.657036494430218,0.14072279877823496,0.0849243811172809,0.011950796595333256
