rmax_increase,simulation_run,mean,std,cv,taylor
0.87,14,1.6787489427873297,0.12269655370107048,0.07308808993043944,0.00896765675105883
