rmax_increase,simulation_run,mean,std,cv,taylor
0.96,9,1.4516913617546752,0.35722113950454226,0.24607237386379788,0.08790225379221363
