rmax_increase,simulation_run,mean,std,cv,taylor
0.85,6,1.7255613678619983,0.073043688583369,0.0423303916880519,0.0030919679480740946
