rmax_increase,simulation_run,mean,std,cv,taylor
1.07,13,1.2566086511075512,0.46501421891852807,0.37005492402799656,0.17208080145383406
