rmax_increase,simulation_run,mean,std,cv,taylor
0.65,2,1.9829341040625512,0.03844644099273153,0.019388662948488348,0.0007454250859770174
