rmax_increase,simulation_run,mean,std,cv,taylor
0.91,16,1.5725144514239717,0.2573175881947035,0.16363448231696226,0.04210603033528959
