rmax_increase,simulation_run,mean,std,cv,taylor
1.07,5,1.2535716258127199,0.4644646252168719,0.37051303304328426,0.1720901970304155
