rmax_increase,simulation_run,mean,std,cv,taylor
0.92,6,1.5472707694588328,0.28539159368666167,0.18444838441979944,0.05264001838249658
