rmax_increase,simulation_run,mean,std,cv,taylor
0.92,8,1.5571127769570359,0.2538493798292463,0.16302568676196186,0.04138396948076099
