rmax_increase,simulation_run,mean,std,cv,taylor
1.06,7,1.2674047994532787,0.4586606918202881,0.3618896598925149,0.16598456176890966
