rmax_increase,simulation_run,mean,std,cv,taylor
0.97,20,1.4346452137094652,0.36521169847321044,0.25456586407792575,0.09297043159319969
