rmax_increase,simulation_run,mean,std,cv,taylor
0.84,1,1.7438657133246867,0.06931779283304874,0.039749501526063095,0.002755347712000597
