rmax_increase,simulation_run,mean,std,cv,taylor
0.92,14,1.550064747711608,0.27364434918989866,0.1765373669673382,0.04830845289147558
