rmax_increase,simulation_run,mean,std,cv,taylor
1.0,3,1.3705508766579828,0.40737984331691535,0.2972380305284908,0.12108878230452509
