rmax_increase,simulation_run,mean,std,cv,taylor
0.63,7,1.942141170412552,0.04265784282690069,0.021964336824103915,0.0009369512280397317
