rmax_increase,simulation_run,mean,std,cv,taylor
1.08,2,1.2361002694038128,0.4731070641345539,0.3827416560330818,0.18107778120780862
