rmax_increase,simulation_run,mean,std,cv,taylor
0.8,18,1.8238212277173222,0.05494131948316625,0.030124289951340404,0.001655068238420128
