rmax_increase,simulation_run,mean,std,cv,taylor
0.66,12,1.9925062929846036,0.03670955598489315,0.01842380930697357,0.0006763298592093418
