rmax_increase,simulation_run,mean,std,cv,taylor
0.92,5,1.5468781790428856,0.27756742795492173,0.17943716041470287,0.04980591109584377
