rmax_increase,simulation_run,mean,std,cv,taylor
0.85,8,1.7243643549922127,0.07832923719800466,0.04542499209707823,0.003558104980689528
