rmax_increase,simulation_run,mean,std,cv,taylor
0.77,11,1.8825821686330226,0.0449804006813332,0.02389292825077287,0.0010747134861701093
