rmax_increase,simulation_run,mean,std,cv,taylor
0.8,2,1.8240663759408318,0.05204100518483874,0.02853021461897,0.0014847410469103796
