rmax_increase,simulation_run,mean,std,cv,taylor
0.98,5,1.4131375188138724,0.38040740705228054,0.26919348045587127,0.10240319389559673
