rmax_increase,simulation_run,mean,std,cv,taylor
0.99,15,1.390341431438686,0.39511761336509243,0.2841874696607695,0.11228747476062788
