rmax_increase,simulation_run,mean,std,cv,taylor
0.84,10,1.745320542874398,0.06406784529389349,0.036708354551525,0.0023518251804004946
