rmax_increase,simulation_run,mean,std,cv,taylor
0.97,18,1.4345255383226763,0.36124346783892913,0.2518208691225632,0.09096864403604782
