rmax_increase,simulation_run,mean,std,cv,taylor
0.68,6,1.9954211739628132,0.03748320384337833,0.018784607646985346,0.000704107277549835
