rmax_increase,simulation_run,mean,std,cv,taylor
0.91,14,1.5799380269192023,0.2377835438815078,0.15050181705239,0.03578685541932364
