rmax_increase,simulation_run,mean,std,cv,taylor
0.66,18,1.993375144111213,0.03481499572823883,0.017465350579437374,0.0006080561058153057
