rmax_increase,simulation_run,mean,std,cv,taylor
0.75,12,1.9207502427068373,0.03688667479823489,0.019204305681227954,0.0007083829783893502
