rmax_increase,simulation_run,mean,std,cv,taylor
0.75,8,1.9189282843264095,0.03803399933022333,0.019820438127303015,0.0007538505304585757
