rmax_increase,simulation_run,mean,std,cv,taylor
0.76,13,1.9005477142754457,0.043851095730957954,0.02307287283638417,0.0010117707555365016
