rmax_increase,simulation_run,mean,std,cv,taylor
0.7,13,1.9855932693950102,0.038008425869587754,0.019142100477188125,0.0007275611069754053
