rmax_increase,simulation_run,mean,std,cv,taylor
0.69,5,1.992600914843673,0.03475737366530941,0.01744321876316927,0.0006062804724772107
