rmax_increase,simulation_run,mean,std,cv,taylor
0.81,5,1.8059804075966261,0.045548299063266094,0.025220815725172315,0.001148765257269673
