rmax_increase,simulation_run,mean,std,cv,taylor
1.08,11,1.2372931930025795,0.47004139299465647,0.3798949154920927,0.17856633526949056
