rmax_increase,simulation_run,mean,std,cv,taylor
1.07,6,1.2525723144374874,0.4663630821708693,0.3723242776448451,0.17363829768949246
