rmax_increase,simulation_run,mean,std,cv,taylor
1.04,1,1.2985939728860363,0.4504314027673765,0.3468608450155698,0.15623701698544065
