rmax_increase,simulation_run,mean,std,cv,taylor
0.61,2,1.8413593191834883,0.041539444919188304,0.022559119497441753,0.0009370933017893686
