rmax_increase,simulation_run,mean,std,cv,taylor
0.63,17,1.9393792256004725,0.03980287272371108,0.020523511955939034,0.0008168947342258039
