rmax_increase,simulation_run,mean,std,cv,taylor
0.77,4,1.8816530118758292,0.04518864351867892,0.02401539669294826,0.0010852232001172994
