rmax_increase,simulation_run,mean,std,cv,taylor
0.92,10,1.5488297352927138,0.2833736324911239,0.18295983479266623,0.05184599298517375
