rmax_increase,simulation_run,mean,std,cv,taylor
0.94,8,1.5020718336960637,0.31952867522757056,0.21272529586106698,0.06797183197387974
