rmax_increase,simulation_run,mean,std,cv,taylor
0.88,10,1.6607842064827307,0.12251165504149863,0.07376735313551559,0.009037360520662698
