rmax_increase,simulation_run,mean,std,cv,taylor
1.07,14,1.2510774429726021,0.46939401914582113,0.3751918170872981,0.1761127949732306
