rmax_increase,simulation_run,mean,std,cv,taylor
0.83,10,1.7632889042557625,0.0614560113379619,0.03485305850313897,0.002141929958531558
