rmax_increase,simulation_run,mean,std,cv,taylor
0.81,12,1.8038053562512915,0.05313276314705962,0.029455929356746846,0.0015650749177885505
