rmax_increase,simulation_run,mean,std,cv,taylor
0.95,10,1.4768285053840247,0.33425510074646714,0.22633305053896535,0.07565297661015712
