rmax_increase,simulation_run,mean,std,cv,taylor
0.98,20,1.4077944029209484,0.38749288045897123,0.27524820361196595,0.1066567192587581
