rmax_increase,simulation_run,mean,std,cv,taylor
0.81,7,1.8054567752700212,0.05191911728991961,0.02875677667894025,0.0014930264612739235
