rmax_increase,simulation_run,mean,std,cv,taylor
0.59,16,1.6783291999105152,0.0409770034607616,0.024415355141855603,0.0010004680921435406
