rmax_increase,simulation_run,mean,std,cv,taylor
0.64,2,1.9644857949694603,0.03790620788559161,0.019295740382882686,0.0007314283462599562
