rmax_increase,simulation_run,mean,std,cv,taylor
0.94,4,1.498638635535939,0.3176216920103976,0.21194014652959392,0.0673167879456612
