rmax_increase,simulation_run,mean,std,cv,taylor
0.69,20,1.9930001454025728,0.036516046526746386,0.018322149454419828,0.0006690524619475954
