rmax_increase,simulation_run,mean,std,cv,taylor
0.97,14,1.4313541508653402,0.37036273060922553,0.25874989106317176,0.09583131619899594
