rmax_increase,simulation_run,mean,std,cv,taylor
0.68,20,1.9970461366703987,0.03688571229412524,0.01847013527470298,0.000681284095776268
