rmax_increase,simulation_run,mean,std,cv,taylor
0.64,13,1.9641668784522852,0.03845540852948572,0.01957848335157124,0.000752898575672407
