rmax_increase,simulation_run,mean,std,cv,taylor
0.9,17,1.6057722485139478,0.20482766664817761,0.12755710957001165,0.02612722511761141
