rmax_increase,simulation_run,mean,std,cv,taylor
0.88,5,1.6559998154379358,0.14446743413410404,0.0872387984511333,0.012603165369177478
