rmax_increase,simulation_run,mean,std,cv,taylor
0.58,19,1.5588414625906017,0.048983277433222255,0.03142287308153717,0.001539195309901867
