rmax_increase,simulation_run,mean,std,cv,taylor
0.89,9,1.639060083497918,0.14159162941632833,0.08638586885366498,0.012231515929535672
