rmax_increase,simulation_run,mean,std,cv,taylor
0.72,16,1.9623735562730396,0.036926370927280794,0.01881719757649596,0.000694850817521619
