rmax_increase,simulation_run,mean,std,cv,taylor
0.66,15,1.9914570582030822,0.03956086367242337,0.019865285826509187,0.0007858878643962541
