rmax_increase,simulation_run,mean,std,cv,taylor
0.74,14,1.9330645556587847,0.03764790212756923,0.019475760401979382,0.0007332215214737082
