rmax_increase,simulation_run,mean,std,cv,taylor
0.76,1,1.9013249882079923,0.036491235008508816,0.01919252901783086,0.0007003590867972909
