rmax_increase,simulation_run,mean,std,cv,taylor
0.83,18,1.7656732049517194,0.057989390658958875,0.03284265202435608,0.0019045253785166312
