rmax_increase,simulation_run,mean,std,cv,taylor
0.68,19,1.999943579596412,0.03800007383589359,0.019000572927943295,0.000722023174186126
