rmax_increase,simulation_run,mean,std,cv,taylor
0.79,19,1.8438302510212434,0.04634700750674598,0.025136265923110728,0.001164990705429976
