rmax_increase,simulation_run,mean,std,cv,taylor
0.99,9,1.3920045776816148,0.39133508579364856,0.2811306026345241,0.11001626850120161
