rmax_increase,simulation_run,mean,std,cv,taylor
0.73,15,1.9502197353581454,0.03896910798357252,0.01998190628319946,0.000778677063667626
