rmax_increase,simulation_run,mean,std,cv,taylor
0.61,6,1.8425361596968386,0.040790287760993936,0.022138120625923217,0.0009030203108190033
