rmax_increase,simulation_run,mean,std,cv,taylor
0.95,3,1.4794436927707206,0.3303966925444868,0.22332495258789858,0.07378582569769603
