rmax_increase,simulation_run,mean,std,cv,taylor
0.99,10,1.3923081394943468,0.3937921370524047,0.2828340407428923,0.11137782133531046
