rmax_increase,simulation_run,mean,std,cv,taylor
0.6,9,1.7673965764763113,0.04133382736883059,0.02338684363146077,0.0009666677573646345
