rmax_increase,simulation_run,mean,std,cv,taylor
0.71,18,1.9751337663320736,0.03823294510536836,0.019357142162765476,0.0007400805537058239
