rmax_increase,simulation_run,mean,std,cv,taylor
0.84,20,1.7432942068348984,0.0747108283395801,0.042856121500698424,0.0032018163367388674
