rmax_increase,simulation_run,mean,std,cv,taylor
0.94,17,1.4988007418134088,0.3218832731772798,0.21476055101749625,0.06912782911086789
