rmax_increase,simulation_run,mean,std,cv,taylor
0.77,19,1.8825822205913623,0.04299864563608136,0.02284024844480604,0.0009820997491182734
