rmax_increase,simulation_run,mean,std,cv,taylor
0.75,1,1.9182783448502883,0.04516221761240158,0.023543099328437792,0.001063258575141293
