rmax_increase,simulation_run,mean,std,cv,taylor
0.88,18,1.6581409755384806,0.13289212105171538,0.08014524881309246,0.010650672106989332
