rmax_increase,simulation_run,mean,std,cv,taylor
0.8,5,1.8239155022899245,0.05066102277720646,0.027775970275816825,0.0014071590628021659
