rmax_increase,simulation_run,mean,std,cv,taylor
0.9,20,1.6069357098573116,0.19521465890605602,0.12148255696140461,0.023715175920256123
