rmax_increase,simulation_run,mean,std,cv,taylor
1.03,13,1.3249508973789885,0.4276964590275447,0.3228017429729749,0.138061162437461
