rmax_increase,simulation_run,mean,std,cv,taylor
0.74,10,1.9351171093913295,0.040629558337649946,0.020995917063866765,0.0008530548371988347
