rmax_increase,simulation_run,mean,std,cv,taylor
1.0,20,1.3701004601876206,0.4122904107584883,0.3009198396313432,0.12406636428698493
