rmax_increase,simulation_run,mean,std,cv,taylor
0.94,6,1.4973807963950088,0.3232403833190782,0.21587052812303292,0.06977807225778102
