rmax_increase,simulation_run,mean,std,cv,taylor
0.71,15,1.9770502814694135,0.0396687422241601,0.02006460968442183,0.0007959378293997159
