rmax_increase,simulation_run,mean,std,cv,taylor
0.62,4,1.8977286507323043,0.043066305254061694,0.0226936054516767,0.0009773297396971476
