rmax_increase,simulation_run,mean,std,cv,taylor
0.64,5,1.9657093244642445,0.04124293772413403,0.020981198598818685,0.0008653262671887672
