rmax_increase,simulation_run,mean,std,cv,taylor
0.58,17,1.557109843825183,0.04607201339259016,0.029588158841389146,0.0013631860504025655
