rmax_increase,simulation_run,mean,std,cv,taylor
0.96,6,1.4531391876244835,0.3554940070354612,0.24463864856373763,0.08696757345366306
