rmax_increase,simulation_run,mean,std,cv,taylor
0.98,1,1.4156949857220473,0.3778159653651646,0.2668766712996917,0.10083026720053474
