rmax_increase,simulation_run,mean,std,cv,taylor
0.69,16,1.9972633270656848,0.038759175147133375,0.019406141704948397,0.0007521660452721844
