rmax_increase,simulation_run,mean,std,cv,taylor
0.69,13,1.994031307224629,0.034764334620431506,0.017434196993034112,0.0006060882581043587
