rmax_increase,simulation_run,mean,std,cv,taylor
0.85,2,1.7231335435960957,0.07761803950500956,0.04504470346681575,0.0034962815731787457
