rmax_increase,simulation_run,mean,std,cv,taylor
0.78,9,1.8637085812679393,0.04581340753284597,0.024581851472550324,0.0011261783794238379
