rmax_increase,simulation_run,mean,std,cv,taylor
0.6,11,1.7722328564770022,0.043302752427132586,0.024434008357803242,0.0010580598147204422
