rmax_increase,simulation_run,mean,std,cv,taylor
0.59,5,1.683168227172476,0.052274054201868286,0.031056939738984102,0.001623472151259812
