rmax_increase,simulation_run,mean,std,cv,taylor
0.81,14,1.8050536922254528,0.04989062991655359,0.02763941600819828,0.0013789478751746874
