rmax_increase,simulation_run,mean,std,cv,taylor
0.61,8,1.8439986957454402,0.043727709027434454,0.02371352492185871,0.0010369381177978531
