rmax_increase,simulation_run,mean,std,cv,taylor
0.95,17,1.4753881613632414,0.3399063173671465,0.2303843329290897,0.0783090901850135
