rmax_increase,simulation_run,mean,std,cv,taylor
1.02,16,1.3370489671608043,0.4222355918070418,0.31579665530399403,0.1333405876429663
