rmax_increase,simulation_run,mean,std,cv,taylor
0.65,17,1.977665681672951,0.03761453373269574,0.019019662464323486,0.0007154157353487828
