rmax_increase,simulation_run,mean,std,cv,taylor
0.8,7,1.8258041442173463,0.049085004025263085,0.026884046780551035,0.0013196035444387084
