rmax_increase,simulation_run,mean,std,cv,taylor
0.98,3,1.4098791269235391,0.3862672467631733,0.27397188836041364,0.10582636700748446
