rmax_increase,simulation_run,mean,std,cv,taylor
0.71,1,1.9749624026703805,0.037372511719088376,0.018923150976725613,0.0007072056816397567
