rmax_increase,simulation_run,mean,std,cv,taylor
0.61,3,1.8480204833390992,0.04461845282456349,0.024143916816303117,0.0010772642134684058
