rmax_increase,simulation_run,mean,std,cv,taylor
1.1,16,1.2069209445817355,0.48575301681914845,0.4024729366076985,0.19550244314525145
