rmax_increase,simulation_run,mean,std,cv,taylor
0.82,18,1.784149843771146,0.05920861710629503,0.033185899330712136,0.0019648912068001875
