rmax_increase,simulation_run,mean,std,cv,taylor
0.7,17,1.986932788654921,0.03393342985898708,0.017078297792830092,0.0005795252202638937
