rmax_increase,simulation_run,mean,std,cv,taylor
0.59,9,1.68989724331531,0.04721419229286291,0.027939090663427653,0.0013191215990708042
