rmax_increase,simulation_run,mean,std,cv,taylor
0.89,13,1.62641318769488,0.19170028441278694,0.11786690237336571,0.022595118707828397
