rmax_increase,simulation_run,mean,std,cv,taylor
0.83,8,1.7644832648980995,0.06347822336625963,0.03597553155026696,0.0022836628274677667
