rmax_increase,simulation_run,mean,std,cv,taylor
1.09,6,1.2226567250415763,0.4761658175716068,0.38945176337652326,0.18544361731288614
