rmax_increase,simulation_run,mean,std,cv,taylor
1.09,19,1.2238882375539086,0.47706842450120973,0.38979737680516463,0.18596002042714427
