rmax_increase,simulation_run,mean,std,cv,taylor
0.91,11,1.5780270980427578,0.24561385036334255,0.15564615504257168,0.03822885143425581
