rmax_increase,simulation_run,mean,std,cv,taylor
0.62,20,1.9012718964369641,0.04232325490787631,0.0222604957172045,0.0009421366346149349
