rmax_increase,simulation_run,mean,std,cv,taylor
0.76,14,1.9017162988495213,0.03962066163064228,0.020834159992534924,0.000825463203422891
