rmax_increase,simulation_run,mean,std,cv,taylor
0.93,18,1.5280234211279209,0.2905104748178951,0.1901217421153485,0.05523235757513529
