rmax_increase,simulation_run,mean,std,cv,taylor
1.06,14,1.2688910941490164,0.4573255826514169,0.3604135806139635,0.1648263507497643
