rmax_increase,simulation_run,mean,std,cv,taylor
1.06,3,1.2659398152082573,0.4615429304049856,0.36458520765385527,0.16827172512287053
