rmax_increase,simulation_run,mean,std,cv,taylor
0.95,5,1.474819894463253,0.34233414004413765,0.23211928543229138,0.0794623559661232
