rmax_increase,simulation_run,mean,std,cv,taylor
0.76,9,1.901195462680934,0.03822135242072164,0.020103852113566766,0.000768396416646705
