rmax_increase,simulation_run,mean,std,cv,taylor
0.95,18,1.4803183594542901,0.3293612649755716,0.22249353517238585,0.07328075219326384
