rmax_increase,simulation_run,mean,std,cv,taylor
0.92,17,1.552117902338242,0.2666326246026694,0.17178632125883697,0.04580383770808104
