rmax_increase,simulation_run,mean,std,cv,taylor
0.85,9,1.72611083184712,0.06624006601481339,0.038375326075631856,0.002541984132589844
