rmax_increase,simulation_run,mean,std,cv,taylor
0.66,10,1.9926202677031666,0.03844658256877651,0.019294485352742464,0.0007418070242362621
