rmax_increase,simulation_run,mean,std,cv,taylor
0.69,17,1.9930142617788846,0.03799432232098135,0.019063748338192594,0.0007243141990073619
