rmax_increase,simulation_run,mean,std,cv,taylor
0.79,13,1.8443899745969494,0.04500840189686964,0.024402866268401414,0.0010983340124437742
