rmax_increase,simulation_run,mean,std,cv,taylor
0.8,11,1.823694539693803,0.050688629800918185,0.027794473634509414,0.0014088637845710286
