rmax_increase,simulation_run,mean,std,cv,taylor
0.78,17,1.8636346082118473,0.05054464838248045,0.02712154419099241,0.0013708489147236168
