rmax_increase,simulation_run,mean,std,cv,taylor
0.86,2,1.7002443553136986,0.11134867380013078,0.06548980648113177,0.007292203099101232
