rmax_increase,simulation_run,mean,std,cv,taylor
0.78,13,1.862222920676976,0.050716747422975744,0.02723452002434737,0.0013812462732608005
